Codigo_ID,Categoria,Tipo_Pieza,Material,Diametro_mm,Diametro_pulg,Resistencia,Union,Peso_valor,Peso_unidad,Precio_sin_IVA_CLP,Origen_precio,Descripcion
01-01-001-001-014,Tuberias,Tuberia,Acero carbono,13,1/4,STD,S/R,0.63,kg/m,,,"TUBERIA ACERO CARB. S/R DE/DN 13,7 mm (1/4"") STD L = 6 m"
01-01-001-040-014,Tuberias,Tuberia,Acero carbono,13,1/4,SCH40,S/R,0.63,kg/m,,,"TUBERIA ACERO CARB. S/R DE/DN 13,7 mm (1/4"") SCH40 L = 6 m"
01-01-001-081-014,Tuberias,Tuberia,Acero carbono,13,1/4,XS,S/R,0.8,kg/m,,,"TUBERIA ACERO CARB. S/R DE/DN 13,7 mm (1/4"") XS L = 6 m"
01-01-001-080-014,Tuberias,Tuberia,Acero carbono,13,1/4,SCH80,S/R,0.8,kg/m,,,"TUBERIA ACERO CARB. S/R DE/DN 13,7 mm (1/4"") SCH80 L = 6 m"
01-01-001-001-017,Tuberias,Tuberia,Acero carbono,17,3/8,STD,S/R,0.84,kg/m,,,"TUBERIA ACERO CARB. S/R DE/DN 17,1 mm (3/8"") STD L = 6 m"
01-01-001-040-017,Tuberias,Tuberia,Acero carbono,17,3/8,SCH40,S/R,0.84,kg/m,,,"TUBERIA ACERO CARB. S/R DE/DN 17,1 mm (3/8"") SCH40 L = 6 m"
01-01-001-081-017,Tuberias,Tuberia,Acero carbono,17,3/8,XS,S/R,1.1,kg/m,,,"TUBERIA ACERO CARB. S/R DE/DN 17,1 mm (3/8"") XS L = 6 m"
01-01-001-080-017,Tuberias,Tuberia,Acero carbono,17,3/8,SCH80,S/R,1.1,kg/m,,,"TUBERIA ACERO CARB. S/R DE/DN 17,1 mm (3/8"") SCH80 L = 6 m"
01-01-001-001-021,Tuberias,Tuberia,Acero carbono,21,1/2,STD,S/R,1.27,kg/m,,,"TUBERIA ACERO CARB. S/R DE/DN 21,3 mm (1/2"") STD L = 6 m"
01-01-001-040-021,Tuberias,Tuberia,Acero carbono,21,1/2,SCH40,S/R,1.27,kg/m,,,"TUBERIA ACERO CARB. S/R DE/DN 21,3 mm (1/2"") SCH40 L = 6 m"
01-01-001-081-021,Tuberias,Tuberia,Acero carbono,21,1/2,XS,S/R,1.62,kg/m,,,"TUBERIA ACERO CARB. S/R DE/DN 21,3 mm (1/2"") XS L = 6 m"
01-01-001-080-021,Tuberias,Tuberia,Acero carbono,21,1/2,SCH80,S/R,1.62,kg/m,,,"TUBERIA ACERO CARB. S/R DE/DN 21,3 mm (1/2"") SCH80 L = 6 m"
01-01-001-160-021,Tuberias,Tuberia,Acero carbono,21,1/2,SCH160,S/R,1.95,kg/m,,,"TUBERIA ACERO CARB. S/R DE/DN 21,3 mm (1/2"") SCH160 L = 6 m"
01-01-001-001-027,Tuberias,Tuberia,Acero carbono,26,3/4,STD,S/R,1.69,kg/m,,,"TUBERIA ACERO CARB. S/R DE/DN 26,7 mm (3/4"") STD L = 6 m"
01-01-001-040-027,Tuberias,Tuberia,Acero carbono,26,3/4,SCH40,S/R,1.69,kg/m,,,"TUBERIA ACERO CARB. S/R DE/DN 26,7 mm (3/4"") SCH40 L = 6 m"
01-01-001-081-027,Tuberias,Tuberia,Acero carbono,26,3/4,XS,S/R,2.2,kg/m,,,"TUBERIA ACERO CARB. S/R DE/DN 26,7 mm (3/4"") XS L = 6 m"
01-01-001-080-027,Tuberias,Tuberia,Acero carbono,26,3/4,SCH80,S/R,2.2,kg/m,,,"TUBERIA ACERO CARB. S/R DE/DN 26,7 mm (3/4"") SCH80 L = 6 m"
01-01-001-160-027,Tuberias,Tuberia,Acero carbono,26,3/4,SCH160,S/R,2.9,kg/m,,,"TUBERIA ACERO CARB. S/R DE/DN 26,7 mm (3/4"") SCH160 L = 6 m"
01-01-001-001-033,Tuberias,Tuberia,Acero carbono,33,1,STD,S/R,2.5,kg/m,,,"TUBERIA ACERO CARB. S/R DE/DN 33,4 mm (1"") STD L = 6 m"
01-01-001-040-033,Tuberias,Tuberia,Acero carbono,33,1,SCH40,S/R,2.5,kg/m,,,"TUBERIA ACERO CARB. S/R DE/DN 33,4 mm (1"") SCH40 L = 6 m"
01-01-001-081-033,Tuberias,Tuberia,Acero carbono,33,1,XS,S/R,3.24,kg/m,,,"TUBERIA ACERO CARB. S/R DE/DN 33,4 mm (1"") XS L = 6 m"
01-01-001-080-033,Tuberias,Tuberia,Acero carbono,33,1,SCH80,S/R,3.24,kg/m,,,"TUBERIA ACERO CARB. S/R DE/DN 33,4 mm (1"") SCH80 L = 6 m"
01-01-001-160-033,Tuberias,Tuberia,Acero carbono,33,1,SCH160,S/R,4.24,kg/m,,,"TUBERIA ACERO CARB. S/R DE/DN 33,4 mm (1"") SCH160 L = 6 m"
01-01-001-001-042,Tuberias,Tuberia,Acero carbono,42,1 1/4,STD,S/R,3.39,kg/m,,,"TUBERIA ACERO CARB. S/R DE/DN 42,2 mm (1 1/4"") STD L = 6 m"
01-01-001-040-042,Tuberias,Tuberia,Acero carbono,42,1 1/4,SCH40,S/R,3.39,kg/m,,,"TUBERIA ACERO CARB. S/R DE/DN 42,2 mm (1 1/4"") SCH40 L = 6 m"
01-01-001-081-042,Tuberias,Tuberia,Acero carbono,42,1 1/4,XS,S/R,4.47,kg/m,,,"TUBERIA ACERO CARB. S/R DE/DN 42,2 mm (1 1/4"") XS L = 6 m"
01-01-001-080-042,Tuberias,Tuberia,Acero carbono,42,1 1/4,SCH80,S/R,4.47,kg/m,,,"TUBERIA ACERO CARB. S/R DE/DN 42,2 mm (1 1/4"") SCH80 L = 6 m"
01-01-001-160-042,Tuberias,Tuberia,Acero carbono,42,1 1/4,SCH160,S/R,5.61,kg/m,,,"TUBERIA ACERO CARB. S/R DE/DN 42,2 mm (1 1/4"") SCH160 L = 6 m"
01-01-001-001-048,Tuberias,Tuberia,Acero carbono,48,1 1/2,STD,S/R,4.05,kg/m,,,"TUBERIA ACERO CARB. S/R DE/DN 48,3 mm (1 1/2"") STD L = 6 m"
01-01-001-040-048,Tuberias,Tuberia,Acero carbono,48,1 1/2,SCH40,S/R,4.05,kg/m,,,"TUBERIA ACERO CARB. S/R DE/DN 48,3 mm (1 1/2"") SCH40 L = 6 m"
01-01-001-081-048,Tuberias,Tuberia,Acero carbono,48,1 1/2,XS,S/R,5.41,kg/m,,,"TUBERIA ACERO CARB. S/R DE/DN 48,3 mm (1 1/2"") XS L = 6 m"
01-01-001-080-048,Tuberias,Tuberia,Acero carbono,48,1 1/2,SCH80,S/R,5.41,kg/m,,,"TUBERIA ACERO CARB. S/R DE/DN 48,3 mm (1 1/2"") SCH80 L = 6 m"
01-01-001-160-048,Tuberias,Tuberia,Acero carbono,48,1 1/2,SCH160,S/R,7.25,kg/m,,,"TUBERIA ACERO CARB. S/R DE/DN 48,3 mm (1 1/2"") SCH160 L = 6 m"
01-01-001-001-060,Tuberias,Tuberia,Acero carbono,60,2,STD,S/R,5.44,kg/m,,,"TUBERIA ACERO CARB. S/R DE/DN 60,3 mm (2"") STD L = 6 m"
01-01-001-040-060,Tuberias,Tuberia,Acero carbono,60,2,SCH40,S/R,5.44,kg/m,,,"TUBERIA ACERO CARB. S/R DE/DN 60,3 mm (2"") SCH40 L = 6 m"
01-01-001-081-060,Tuberias,Tuberia,Acero carbono,60,2,XS,S/R,7.48,kg/m,,,"TUBERIA ACERO CARB. S/R DE/DN 60,3 mm (2"") XS L = 6 m"
01-01-001-080-060,Tuberias,Tuberia,Acero carbono,60,2,SCH80,S/R,7.48,kg/m,,,"TUBERIA ACERO CARB. S/R DE/DN 60,3 mm (2"") SCH80 L = 6 m"
01-01-001-160-060,Tuberias,Tuberia,Acero carbono,60,2,SCH160,S/R,11.11,kg/m,,,"TUBERIA ACERO CARB. S/R DE/DN 60,3 mm (2"") SCH160 L = 6 m"
01-01-001-001-073,Tuberias,Tuberia,Acero carbono,73,2 1/2,STD,S/R,8.63,kg/m,,,"TUBERIA ACERO CARB. S/R DE/DN 73 mm (2 1/2"") STD L = 6 m"
01-01-001-040-073,Tuberias,Tuberia,Acero carbono,73,2 1/2,SCH40,S/R,8.63,kg/m,,,"TUBERIA ACERO CARB. S/R DE/DN 73 mm (2 1/2"") SCH40 L = 6 m"
01-01-001-081-073,Tuberias,Tuberia,Acero carbono,73,2 1/2,XS,S/R,11.41,kg/m,,,"TUBERIA ACERO CARB. S/R DE/DN 73 mm (2 1/2"") XS L = 6 m"
01-01-001-080-073,Tuberias,Tuberia,Acero carbono,73,2 1/2,SCH80,S/R,11.41,kg/m,,,"TUBERIA ACERO CARB. S/R DE/DN 73 mm (2 1/2"") SCH80 L = 6 m"
01-01-001-160-073,Tuberias,Tuberia,Acero carbono,73,2 1/2,SCH160,S/R,14.92,kg/m,,,"TUBERIA ACERO CARB. S/R DE/DN 73 mm (2 1/2"") SCH160 L = 6 m"
01-01-001-001-089,Tuberias,Tuberia,Acero carbono,88,3,STD,S/R,11.29,kg/m,,,"TUBERIA ACERO CARB. S/R DE/DN 88,9 mm (3"") STD L = 6 m"
01-01-001-040-089,Tuberias,Tuberia,Acero carbono,88,3,SCH40,S/R,11.29,kg/m,,,"TUBERIA ACERO CARB. S/R DE/DN 88,9 mm (3"") SCH40 L = 6 m"
01-01-001-081-089,Tuberias,Tuberia,Acero carbono,88,3,XS,S/R,15.27,kg/m,,,"TUBERIA ACERO CARB. S/R DE/DN 88,9 mm (3"") XS L = 6 m"
01-01-001-080-089,Tuberias,Tuberia,Acero carbono,88,3,SCH80,S/R,15.27,kg/m,,,"TUBERIA ACERO CARB. S/R DE/DN 88,9 mm (3"") SCH80 L = 6 m"
01-01-001-160-089,Tuberias,Tuberia,Acero carbono,88,3,SCH160,S/R,21.35,kg/m,,,"TUBERIA ACERO CARB. S/R DE/DN 88,9 mm (3"") SCH160 L = 6 m"
01-01-001-001-114,Tuberias,Tuberia,Acero carbono,114,4,STD,S/R,16.07,kg/m,,,"TUBERIA ACERO CARB. S/R DE/DN 114,3 mm (4"") STD L = 6 m"
01-01-001-040-114,Tuberias,Tuberia,Acero carbono,114,4,SCH40,S/R,16.07,kg/m,,,"TUBERIA ACERO CARB. S/R DE/DN 114,3 mm (4"") SCH40 L = 6 m"
01-01-001-081-114,Tuberias,Tuberia,Acero carbono,114,4,XS,S/R,22.32,kg/m,,,"TUBERIA ACERO CARB. S/R DE/DN 114,3 mm (4"") XS L = 6 m"
01-01-001-080-114,Tuberias,Tuberia,Acero carbono,114,4,SCH80,S/R,22.32,kg/m,,,"TUBERIA ACERO CARB. S/R DE/DN 114,3 mm (4"") SCH80 L = 6 m"
01-01-001-160-114,Tuberias,Tuberia,Acero carbono,114,4,SCH160,S/R,33.54,kg/m,,,"TUBERIA ACERO CARB. S/R DE/DN 114,3 mm (4"") SCH160 L = 6 m"
01-01-001-001-141,Tuberias,Tuberia,Acero carbono,141,5,STD,S/R,21.77,kg/m,,,"TUBERIA ACERO CARB. S/R DE/DN 141,3 mm (5"") STD L = 6 m"
01-01-001-040-141,Tuberias,Tuberia,Acero carbono,141,5,SCH40,S/R,21.77,kg/m,,,"TUBERIA ACERO CARB. S/R DE/DN 141,3 mm (5"") SCH40 L = 6 m"
01-01-001-081-141,Tuberias,Tuberia,Acero carbono,141,5,XS,S/R,30.97,kg/m,,,"TUBERIA ACERO CARB. S/R DE/DN 141,3 mm (5"") XS L = 6 m"
01-01-001-080-141,Tuberias,Tuberia,Acero carbono,141,5,SCH80,S/R,30.97,kg/m,,,"TUBERIA ACERO CARB. S/R DE/DN 141,3 mm (5"") SCH80 L = 6 m"
01-01-001-160-141,Tuberias,Tuberia,Acero carbono,141,5,SCH160,S/R,49.12,kg/m,,,"TUBERIA ACERO CARB. S/R DE/DN 141,3 mm (5"") SCH160 L = 6 m"
01-01-001-001-168,Tuberias,Tuberia,Acero carbono,168,6,STD,S/R,28.26,kg/m,,,"TUBERIA ACERO CARB. S/R DE/DN 168,3 mm (6"") STD L = 6 m"
01-01-001-040-168,Tuberias,Tuberia,Acero carbono,168,6,SCH40,S/R,28.26,kg/m,,,"TUBERIA ACERO CARB. S/R DE/DN 168,3 mm (6"") SCH40 L = 6 m"
01-01-001-081-168,Tuberias,Tuberia,Acero carbono,168,6,XS,S/R,42.56,kg/m,,,"TUBERIA ACERO CARB. S/R DE/DN 168,3 mm (6"") XS L = 6 m"
01-01-001-080-168,Tuberias,Tuberia,Acero carbono,168,6,SCH80,S/R,42.56,kg/m,,,"TUBERIA ACERO CARB. S/R DE/DN 168,3 mm (6"") SCH80 L = 6 m"
01-01-001-160-168,Tuberias,Tuberia,Acero carbono,168,6,SCH160,S/R,67.57,kg/m,,,"TUBERIA ACERO CARB. S/R DE/DN 168,3 mm (6"") SCH160 L = 6 m"
01-01-001-001-219,Tuberias,Tuberia,Acero carbono,219,8,STD,S/R,42.55,kg/m,,,"TUBERIA ACERO CARB. S/R DE/DN 219,1 mm (8"") STD L = 6 m"
01-01-001-040-219,Tuberias,Tuberia,Acero carbono,219,8,SCH40,S/R,42.55,kg/m,,,"TUBERIA ACERO CARB. S/R DE/DN 219,1 mm (8"") SCH40 L = 6 m"
01-01-001-081-219,Tuberias,Tuberia,Acero carbono,219,8,XS,S/R,64.64,kg/m,,,"TUBERIA ACERO CARB. S/R DE/DN 219,1 mm (8"") XS L = 6 m"
01-01-001-080-219,Tuberias,Tuberia,Acero carbono,219,8,SCH80,S/R,64.64,kg/m,,,"TUBERIA ACERO CARB. S/R DE/DN 219,1 mm (8"") SCH80 L = 6 m"
01-01-001-160-219,Tuberias,Tuberia,Acero carbono,219,8,SCH160,S/R,111.27,kg/m,,,"TUBERIA ACERO CARB. S/R DE/DN 219,1 mm (8"") SCH160 L = 6 m"
01-01-001-001-273,Tuberias,Tuberia,Acero carbono,273,10,STD,S/R,60.29,kg/m,,,"TUBERIA ACERO CARB. S/R DE/DN 273 mm (10"") STD L = 6 m"
01-01-001-040-273,Tuberias,Tuberia,Acero carbono,273,10,SCH40,S/R,60.29,kg/m,,,"TUBERIA ACERO CARB. S/R DE/DN 273 mm (10"") SCH40 L = 6 m"
01-01-001-081-273,Tuberias,Tuberia,Acero carbono,273,10,XS,S/R,81.55,kg/m,,,"TUBERIA ACERO CARB. S/R DE/DN 273 mm (10"") XS L = 6 m"
01-01-001-080-273,Tuberias,Tuberia,Acero carbono,273,10,SCH80,S/R,95.98,kg/m,,,"TUBERIA ACERO CARB. S/R DE/DN 273 mm (10"") SCH80 L = 6 m"
01-01-001-160-273,Tuberias,Tuberia,Acero carbono,273,10,SCH160,S/R,172.27,kg/m,,,"TUBERIA ACERO CARB. S/R DE/DN 273 mm (10"") SCH160 L = 6 m"
01-01-001-001-324,Tuberias,Tuberia,Acero carbono,323,12,STD,S/R,73.88,kg/m,,,"TUBERIA ACERO CARB. S/R DE/DN 323,8 mm (12"") STD L = 6 m"
01-01-001-040-324,Tuberias,Tuberia,Acero carbono,323,12,SCH40,S/R,79.71,kg/m,,,"TUBERIA ACERO CARB. S/R DE/DN 323,8 mm (12"") SCH40 L = 6 m"
01-01-001-081-324,Tuberias,Tuberia,Acero carbono,323,12,XS,S/R,97.46,kg/m,,,"TUBERIA ACERO CARB. S/R DE/DN 323,8 mm (12"") XS L = 6 m"
01-01-001-080-324,Tuberias,Tuberia,Acero carbono,323,12,SCH80,S/R,132.05,kg/m,,,"TUBERIA ACERO CARB. S/R DE/DN 323,8 mm (12"") SCH80 L = 6 m"
01-01-001-160-324,Tuberias,Tuberia,Acero carbono,323,12,SCH160,S/R,238.69,kg/m,,,"TUBERIA ACERO CARB. S/R DE/DN 323,8 mm (12"") SCH160 L = 6 m"
01-01-001-001-356,Tuberias,Tuberia,Acero carbono,355,14,STD,S/R,81.33,kg/m,,,"TUBERIA ACERO CARB. S/R DE/DN 355,6 mm (14"") STD L = 6 m"
01-01-001-040-356,Tuberias,Tuberia,Acero carbono,355,14,SCH40,S/R,94.55,kg/m,,,"TUBERIA ACERO CARB. S/R DE/DN 355,6 mm (14"") SCH40 L = 6 m"
01-01-001-081-356,Tuberias,Tuberia,Acero carbono,355,14,XS,S/R,107.39,kg/m,,,"TUBERIA ACERO CARB. S/R DE/DN 355,6 mm (14"") XS L = 6 m"
01-01-001-080-356,Tuberias,Tuberia,Acero carbono,355,14,SCH80,S/R,158.11,kg/m,,,"TUBERIA ACERO CARB. S/R DE/DN 355,6 mm (14"") SCH80 L = 6 m"
01-01-001-160-356,Tuberias,Tuberia,Acero carbono,355,14,SCH160,S/R,281.72,kg/m,,,"TUBERIA ACERO CARB. S/R DE/DN 355,6 mm (14"") SCH160 L = 6 m"
01-01-001-001-406,Tuberias,Tuberia,Acero carbono,406,16,STD,S/R,93.27,kg/m,,,"TUBERIA ACERO CARB. S/R DE/DN 406,4 mm (16"") STD L = 6 m"
01-01-001-040-406,Tuberias,Tuberia,Acero carbono,406,16,SCH40,S/R,123.31,kg/m,,,"TUBERIA ACERO CARB. S/R DE/DN 406,4 mm (16"") SCH40 L = 6 m"
01-01-001-081-406,Tuberias,Tuberia,Acero carbono,406,16,XS,S/R,123.3,kg/m,,,"TUBERIA ACERO CARB. S/R DE/DN 406,4 mm (16"") XS L = 6 m"
01-01-001-080-406,Tuberias,Tuberia,Acero carbono,406,16,SCH80,S/R,203.54,kg/m,,,"TUBERIA ACERO CARB. S/R DE/DN 406,4 mm (16"") SCH80 L = 6 m"
01-01-001-160-406,Tuberias,Tuberia,Acero carbono,406,16,SCH160,S/R,365.38,kg/m,,,"TUBERIA ACERO CARB. S/R DE/DN 406,4 mm (16"") SCH160 L = 6 m"
01-01-001-001-457,Tuberias,Tuberia,Acero carbono,457,18,STD,S/R,105.16,kg/m,,,"TUBERIA ACERO CARB. S/R DE/DN 457 mm (18"") STD L = 6 m"
01-01-001-040-457,Tuberias,Tuberia,Acero carbono,457,18,SCH40,S/R,155.81,kg/m,,,"TUBERIA ACERO CARB. S/R DE/DN 457 mm (18"") SCH40 L = 6 m"
01-01-001-081-457,Tuberias,Tuberia,Acero carbono,457,18,XS,S/R,139.15,kg/m,,,"TUBERIA ACERO CARB. S/R DE/DN 457 mm (18"") XS L = 6 m"
01-01-001-080-457,Tuberias,Tuberia,Acero carbono,457,18,SCH80,S/R,254.57,kg/m,,,"TUBERIA ACERO CARB. S/R DE/DN 457 mm (18"") SCH80 L = 6 m"
01-01-001-160-457,Tuberias,Tuberia,Acero carbono,457,18,SCH160,S/R,459.39,kg/m,,,"TUBERIA ACERO CARB. S/R DE/DN 457 mm (18"") SCH160 L = 6 m"
01-01-001-001-508,Tuberias,Tuberia,Acero carbono,508,20,STD,S/R,117.15,kg/m,,,"TUBERIA ACERO CARB. S/R DE/DN 508 mm (20"") STD L = 6 m"
01-01-001-040-508,Tuberias,Tuberia,Acero carbono,508,20,SCH40,S/R,183.43,kg/m,,,"TUBERIA ACERO CARB. S/R DE/DN 508 mm (20"") SCH40 L = 6 m"
01-01-001-081-508,Tuberias,Tuberia,Acero carbono,508,20,XS,S/R,155.12,kg/m,,,"TUBERIA ACERO CARB. S/R DE/DN 508 mm (20"") XS L = 6 m"
01-01-001-080-508,Tuberias,Tuberia,Acero carbono,508,20,SCH80,S/R,311.19,kg/m,,,"TUBERIA ACERO CARB. S/R DE/DN 508 mm (20"") SCH80 L = 6 m"
01-01-001-160-508,Tuberias,Tuberia,Acero carbono,508,20,SCH160,S/R,564.85,kg/m,,,"TUBERIA ACERO CARB. S/R DE/DN 508 mm (20"") SCH160 L = 6 m"
01-01-001-001-559,Tuberias,Tuberia,Acero carbono,559,22,STD,S/R,129.13,kg/m,,,"TUBERIA ACERO CARB. S/R DE/DN 559 mm (22"") STD L = 6 m"
01-01-001-081-559,Tuberias,Tuberia,Acero carbono,559,22,XS,S/R,171.09,kg/m,,,"TUBERIA ACERO CARB. S/R DE/DN 559 mm (22"") XS L = 6 m"
01-01-001-080-559,Tuberias,Tuberia,Acero carbono,559,22,SCH80,S/R,373.85,kg/m,,,"TUBERIA ACERO CARB. S/R DE/DN 559 mm (22"") SCH80 L = 6 m"
01-01-001-160-559,Tuberias,Tuberia,Acero carbono,559,22,SCH160,S/R,672.3,kg/m,,,"TUBERIA ACERO CARB. S/R DE/DN 559 mm (22"") SCH160 L = 6 m"
01-01-001-001-610,Tuberias,Tuberia,Acero carbono,610,24,STD,S/R,141.12,kg/m,,,"TUBERIA ACERO CARB. S/R DE/DN 610 mm (24"") STD L = 6 m"
01-01-001-040-610,Tuberias,Tuberia,Acero carbono,610,24,SCH40,S/R,255.43,kg/m,,,"TUBERIA ACERO CARB. S/R DE/DN 610 mm (24"") SCH40 L = 6 m"
01-01-001-081-610,Tuberias,Tuberia,Acero carbono,610,24,XS,S/R,187.06,kg/m,,,"TUBERIA ACERO CARB. S/R DE/DN 610 mm (24"") XS L = 6 m"
01-01-001-080-610,Tuberias,Tuberia,Acero carbono,610,24,SCH80,S/R,442.11,kg/m,,,"TUBERIA ACERO CARB. S/R DE/DN 610 mm (24"") SCH80 L = 6 m"
01-01-001-160-610,Tuberias,Tuberia,Acero carbono,610,24,SCH160,S/R,808.27,kg/m,,,"TUBERIA ACERO CARB. S/R DE/DN 610 mm (24"") SCH160 L = 6 m"
01-03-001-017-020,Tuberias,Tuberia,HDPE,20,1/2,PN10,TF,0.067,kg/m,,,"TUBERIA HDPE TF DE/DN 20 mm (1/2"") PN10 L = 12 m"
01-03-001-017-025,Tuberias,Tuberia,HDPE,25,3/4,PN10,TF,0.104,kg/m,,,"TUBERIA HDPE TF DE/DN 25 mm (3/4"") PN10 L = 12 m"
01-03-001-017-032,Tuberias,Tuberia,HDPE,32,1,PN10,TF,0.19,kg/m,,,"TUBERIA HDPE TF DE/DN 32 mm (1"") PN10 L = 12 m"
01-03-001-017-040,Tuberias,Tuberia,HDPE,40,1 1/4,PN10,TF,0.29,kg/m,,,"TUBERIA HDPE TF DE/DN 40 mm (1 1/4"") PN10 L = 12 m"
01-03-001-017-050,Tuberias,Tuberia,HDPE,50,1 1/2,PN10,TF,0.45,kg/m,,,"TUBERIA HDPE TF DE/DN 50 mm (1 1/2"") PN10 L = 12 m"
01-03-001-017-063,Tuberias,Tuberia,HDPE,63,2,PN10,TF,0.72,kg/m,,,"TUBERIA HDPE TF DE/DN 63 mm (2"") PN10 L = 12 m"
01-03-001-017-075,Tuberias,Tuberia,HDPE,75,2 1/2,PN10,TF,1.02,kg/m,114000.0,Megacenter,"TUBERIA HDPE TF DE/DN 75 mm (2 1/2"") PN10 L = 12 m"
01-03-001-017-090,Tuberias,Tuberia,HDPE,90,3,PN10,TF,1.46,kg/m,171000.0,Megacenter,"TUBERIA HDPE TF DE/DN 90 mm (3"") PN10 L = 12 m"
01-03-001-017-110,Tuberias,Tuberia,HDPE,110,4,PN10,TF,2.17,kg/m,242244.0,Megacenter,"TUBERIA HDPE TF DE/DN 110 mm (4"") PN10 L = 12 m"
01-03-001-017-125,Tuberias,Tuberia,HDPE,125,5,PN10,TF,2.77,kg/m,313500.0,Megacenter,"TUBERIA HDPE TF DE/DN 125 mm (5"") PN10 L = 12 m"
01-03-001-017-140,Tuberias,Tuberia,HDPE,140,5 1/2,PN10,TF,3.48,kg/m,399000.0,Megacenter,"TUBERIA HDPE TF DE/DN 140 mm (5 1/2"") PN10 L = 12 m"
01-03-001-017-160,Tuberias,Tuberia,HDPE,160,6,PN10,TF,4.55,kg/m,527256.0,Megacenter,"TUBERIA HDPE TF DE/DN 160 mm (6"") PN10 L = 12 m"
01-03-001-017-180,Tuberias,Tuberia,HDPE,180,7,PN10,TF,5.75,kg/m,655500.0,Megacenter,"TUBERIA HDPE TF DE/DN 180 mm (7"") PN10 L = 12 m"
01-03-001-017-200,Tuberias,Tuberia,HDPE,200,8,PN10,TF,7.09,kg/m,812244.0,Megacenter,"TUBERIA HDPE TF DE/DN 200 mm (8"") PN10 L = 12 m"
01-03-001-017-225,Tuberias,Tuberia,HDPE,225,9,PN10,TF,9.0,kg/m,1026000.0,Megacenter,"TUBERIA HDPE TF DE/DN 225 mm (9"") PN10 L = 12 m"
01-03-001-017-250,Tuberias,Tuberia,HDPE,250,10,PN10,TF,11.03,kg/m,1068744.0,Megacenter,"TUBERIA HDPE TF DE/DN 250 mm (10"") PN10 L = 12 m"
01-03-001-017-280,Tuberias,Tuberia,HDPE,280,11,PN10,TF,13.85,kg/m,1596000.0,Megacenter,"TUBERIA HDPE TF DE/DN 280 mm (11"") PN10 L = 12 m"
01-03-001-017-315,Tuberias,Tuberia,HDPE,315,12,PN10,TF,17.54,kg/m,1866744.0,Megacenter,"TUBERIA HDPE TF DE/DN 315 mm (12"") PN10 L = 12 m"
01-03-001-017-355,Tuberias,Tuberia,HDPE,355,14,PN10,TF,22.33,kg/m,,,"TUBERIA HDPE TF DE/DN 355 mm (14"") PN10 L = 12 m"
01-03-001-017-400,Tuberias,Tuberia,HDPE,400,16,PN10,TF,28.22,kg/m,,,"TUBERIA HDPE TF DE/DN 400 mm (16"") PN10 L = 12 m"
01-03-001-017-450,Tuberias,Tuberia,HDPE,450,18,PN10,TF,35.76,kg/m,,,"TUBERIA HDPE TF DE/DN 450 mm (18"") PN10 L = 12 m"
01-03-001-017-500,Tuberias,Tuberia,HDPE,500,20,PN10,TF,44.18,kg/m,,,"TUBERIA HDPE TF DE/DN 500 mm (20"") PN10 L = 12 m"
01-03-001-017-560,Tuberias,Tuberia,HDPE,560,22,PN10,TF,55.34,kg/m,,,"TUBERIA HDPE TF DE/DN 560 mm (22"") PN10 L = 12 m"
01-03-001-017-630,Tuberias,Tuberia,HDPE,630,24,PN10,TF,70.1,kg/m,,,"TUBERIA HDPE TF DE/DN 630 mm (24"") PN10 L = 12 m"
01-03-001-011-020,Tuberias,Tuberia,HDPE,20,1/2,PN16,TF,0.12,kg/m,,,"TUBERIA HDPE TF DE/DN 20 mm (1/2"") PN16 L = 12 m"
01-03-001-011-025,Tuberias,Tuberia,HDPE,25,3/4,PN16,TF,0.17,kg/m,,,"TUBERIA HDPE TF DE/DN 25 mm (3/4"") PN16 L = 12 m"
01-03-001-011-032,Tuberias,Tuberia,HDPE,32,1,PN16,TF,0.28,kg/m,,,"TUBERIA HDPE TF DE/DN 32 mm (1"") PN16 L = 12 m"
01-03-001-011-040,Tuberias,Tuberia,HDPE,40,1 1/4,PN16,TF,0.43,kg/m,,,"TUBERIA HDPE TF DE/DN 40 mm (1 1/4"") PN16 L = 12 m"
01-03-001-011-050,Tuberias,Tuberia,HDPE,50,1 1/2,PN16,TF,0.67,kg/m,,,"TUBERIA HDPE TF DE/DN 50 mm (1 1/2"") PN16 L = 12 m"
01-03-001-011-063,Tuberias,Tuberia,HDPE,63,2,PN16,TF,1.05,kg/m,128244.0,Megacenter,"TUBERIA HDPE TF DE/DN 63 mm (2"") PN16 L = 12 m"
01-03-001-011-075,Tuberias,Tuberia,HDPE,75,2 1/2,PN16,TF,1.47,kg/m,35604.0,Impofusion,"TUBERIA HDPE TF DE/DN 75 mm (2 1/2"") PN16 L = 12 m"
01-03-001-011-090,Tuberias,Tuberia,HDPE,90,3,PN16,TF,2.13,kg/m,242244.0,Megacenter,"TUBERIA HDPE TF DE/DN 90 mm (3"") PN16 L = 12 m"
01-03-001-011-110,Tuberias,Tuberia,HDPE,110,4,PN16,TF,3.16,kg/m,76248.0,Impofusion,"TUBERIA HDPE TF DE/DN 110 mm (4"") PN16 L = 12 m"
01-03-001-011-125,Tuberias,Tuberia,HDPE,125,5,PN16,TF,4.1,kg/m,99096.0,Impofusion,"TUBERIA HDPE TF DE/DN 125 mm (5"") PN16 L = 12 m"
01-03-001-011-140,Tuberias,Tuberia,HDPE,140,5 1/2,PN16,TF,5.12,kg/m,123396.0,Impofusion,"TUBERIA HDPE TF DE/DN 140 mm (5 1/2"") PN16 L = 12 m"
01-03-001-011-160,Tuberias,Tuberia,HDPE,160,6,PN16,TF,6.72,kg/m,161880.0,Impofusion,"TUBERIA HDPE TF DE/DN 160 mm (6"") PN16 L = 12 m"
01-03-001-011-180,Tuberias,Tuberia,HDPE,180,7,PN16,TF,8.49,kg/m,969000.0,Megacenter,"TUBERIA HDPE TF DE/DN 180 mm (7"") PN16 L = 12 m"
01-03-001-011-200,Tuberias,Tuberia,HDPE,200,8,PN16,TF,10.47,kg/m,281100.0,Iminning,"TUBERIA HDPE TF DE/DN 200 mm (8"") PN16 L = 12 m"
01-03-001-011-225,Tuberias,Tuberia,HDPE,225,9,PN16,TF,13.25,kg/m,356064.0,Iminning,"TUBERIA HDPE TF DE/DN 225 mm (9"") PN16 L = 12 m"
01-03-001-011-250,Tuberias,Tuberia,HDPE,250,10,PN16,TF,16.3,kg/m,437712.0,Iminning,"TUBERIA HDPE TF DE/DN 250 mm (10"") PN16 L = 12 m"
01-03-001-011-280,Tuberias,Tuberia,HDPE,280,11,PN16,TF,20.43,kg/m,548820.0,Iminning,"TUBERIA HDPE TF DE/DN 280 mm (11"") PN16 L = 12 m"
01-03-001-011-315,Tuberias,Tuberia,HDPE,315,12,PN16,TF,25.86,kg/m,694728.0,Iminning,"TUBERIA HDPE TF DE/DN 315 mm (12"") PN16 L = 12 m"
01-03-001-011-355,Tuberias,Tuberia,HDPE,355,14,PN16,TF,32.83,kg/m,,,"TUBERIA HDPE TF DE/DN 355 mm (14"") PN16 L = 12 m"
01-03-001-011-400,Tuberias,Tuberia,HDPE,400,16,PN16,TF,41.68,kg/m,1119600.0,Iminning,"TUBERIA HDPE TF DE/DN 400 mm (16"") PN16 L = 12 m"
01-03-001-011-450,Tuberias,Tuberia,HDPE,450,18,PN16,TF,52.78,kg/m,1417836.0,Iminning,"TUBERIA HDPE TF DE/DN 450 mm (18"") PN16 L = 12 m"
01-03-001-011-500,Tuberias,Tuberia,HDPE,500,20,PN16,TF,65.19,kg/m,1749288.0,Iminning,"TUBERIA HDPE TF DE/DN 500 mm (20"") PN16 L = 12 m"
01-03-001-011-560,Tuberias,Tuberia,HDPE,560,22,PN16,TF,81.59,kg/m,,,"TUBERIA HDPE TF DE/DN 560 mm (22"") PN16 L = 12 m"
01-03-001-011-630,Tuberias,Tuberia,HDPE,630,24,PN16,TF,103.38,kg/m,,,"TUBERIA HDPE TF DE/DN 630 mm (24"") PN16 L = 12 m"
01-03-001-009-020,Tuberias,Tuberia,HDPE,20,1/2,PN20,TF,0.13,kg/m,,,"TUBERIA HDPE TF DE/DN 20 mm (1/2"") PN20 L = 12 m"
01-03-001-009-025,Tuberias,Tuberia,HDPE,25,3/4,PN20,TF,0.21,kg/m,,,"TUBERIA HDPE TF DE/DN 25 mm (3/4"") PN20 L = 12 m"
01-03-001-009-032,Tuberias,Tuberia,HDPE,32,1,PN20,TF,0.33,kg/m,,,"TUBERIA HDPE TF DE/DN 32 mm (1"") PN20 L = 12 m"
01-03-001-009-040,Tuberias,Tuberia,HDPE,40,1 1/4,PN20,TF,0.51,kg/m,,,"TUBERIA HDPE TF DE/DN 40 mm (1 1/4"") PN20 L = 12 m"
01-03-001-009-050,Tuberias,Tuberia,HDPE,50,1 1/2,PN20,TF,0.79,kg/m,,,"TUBERIA HDPE TF DE/DN 50 mm (1 1/2"") PN20 L = 12 m"
01-03-001-009-063,Tuberias,Tuberia,HDPE,63,2,PN20,TF,1.26,kg/m,,,"TUBERIA HDPE TF DE/DN 63 mm (2"") PN20 L = 12 m"
01-03-001-009-075,Tuberias,Tuberia,HDPE,75,2 1/2,PN20,TF,1.77,kg/m,,,"TUBERIA HDPE TF DE/DN 75 mm (2 1/2"") PN20 L = 12 m"
01-03-001-009-090,Tuberias,Tuberia,HDPE,90,3,PN20,TF,2.56,kg/m,,,"TUBERIA HDPE TF DE/DN 90 mm (3"") PN20 L = 12 m"
01-03-001-009-110,Tuberias,Tuberia,HDPE,110,4,PN20,TF,3.8,kg/m,,,"TUBERIA HDPE TF DE/DN 110 mm (4"") PN20 L = 12 m"
01-03-001-009-125,Tuberias,Tuberia,HDPE,125,5,PN20,TF,4.92,kg/m,,,"TUBERIA HDPE TF DE/DN 125 mm (5"") PN20 L = 12 m"
01-03-001-009-140,Tuberias,Tuberia,HDPE,140,5 1/2,PN20,TF,6.16,kg/m,,,"TUBERIA HDPE TF DE/DN 140 mm (5 1/2"") PN20 L = 12 m"
01-03-001-009-160,Tuberias,Tuberia,HDPE,160,6,PN20,TF,8.02,kg/m,,,"TUBERIA HDPE TF DE/DN 160 mm (6"") PN20 L = 12 m"
01-03-001-009-180,Tuberias,Tuberia,HDPE,180,7,PN20,TF,10.15,kg/m,,,"TUBERIA HDPE TF DE/DN 180 mm (7"") PN20 L = 12 m"
01-03-001-009-200,Tuberias,Tuberia,HDPE,200,8,PN20,TF,12.56,kg/m,,,"TUBERIA HDPE TF DE/DN 200 mm (8"") PN20 L = 12 m"
01-03-001-009-225,Tuberias,Tuberia,HDPE,225,9,PN20,TF,15.89,kg/m,,,"TUBERIA HDPE TF DE/DN 225 mm (9"") PN20 L = 12 m"
01-03-001-009-250,Tuberias,Tuberia,HDPE,250,10,PN20,TF,19.53,kg/m,,,"TUBERIA HDPE TF DE/DN 250 mm (10"") PN20 L = 12 m"
01-03-001-009-280,Tuberias,Tuberia,HDPE,280,11,PN20,TF,24.55,kg/m,,,"TUBERIA HDPE TF DE/DN 280 mm (11"") PN20 L = 12 m"
01-03-001-009-315,Tuberias,Tuberia,HDPE,315,12,PN20,TF,31.06,kg/m,,,"TUBERIA HDPE TF DE/DN 315 mm (12"") PN20 L = 12 m"
01-03-001-009-355,Tuberias,Tuberia,HDPE,355,14,PN20,TF,39.44,kg/m,,,"TUBERIA HDPE TF DE/DN 355 mm (14"") PN20 L = 12 m"
01-03-001-009-400,Tuberias,Tuberia,HDPE,400,16,PN20,TF,50.04,kg/m,,,"TUBERIA HDPE TF DE/DN 400 mm (16"") PN20 L = 12 m"
01-03-001-009-450,Tuberias,Tuberia,HDPE,450,18,PN20,TF,63.35,kg/m,,,"TUBERIA HDPE TF DE/DN 450 mm (18"") PN20 L = 12 m"
01-03-001-009-500,Tuberias,Tuberia,HDPE,500,20,PN20,TF,78.07,kg/m,,,"TUBERIA HDPE TF DE/DN 500 mm (20"") PN20 L = 12 m"
01-03-001-009-560,Tuberias,Tuberia,HDPE,560,22,PN20,TF,97.94,kg/m,,,"TUBERIA HDPE TF DE/DN 560 mm (22"") PN20 L = 12 m"
01-03-001-009-630,Tuberias,Tuberia,HDPE,630,24,PN20,TF,123.94,kg/m,,,"TUBERIA HDPE TF DE/DN 630 mm (24"") PN20 L = 12 m"
02-04-010-000-050-01,Fittings,Tubo brida-brida,Fierro ductil,50,1 1/2,PN10/PN16,B,8.0,kg,18500.0,Hidrocentro Collin,"TUBO BRIDA-BRIDA FD B DE/DN 50 mm (1 1/2"") Catalogo Dimetales PN10/PN16 L = 0,4 m"
02-04-010-000-050-02,Fittings,Tubo brida-brida,Fierro ductil,50,1 1/2,PN10/PN16,B,10.5,kg,18500.0,Hidrocentro Collin,"TUBO BRIDA-BRIDA FD B DE/DN 50 mm (1 1/2"") Catalogo Dimetales PN10/PN16 L = 0,6 m"
02-04-010-000-050-03,Fittings,Tubo brida-brida,Fierro ductil,50,1 1/2,PN10/PN16,B,12.0,kg,18500.0,Hidrocentro Collin,"TUBO BRIDA-BRIDA FD B DE/DN 50 mm (1 1/2"") Catalogo Dimetales PN10/PN16 L = 0,8 m"
02-04-010-000-050-04,Fittings,Tubo brida-brida,Fierro ductil,50,1 1/2,PN10/PN16,B,15.0,kg,18500.0,Hidrocentro Collin,"TUBO BRIDA-BRIDA FD B DE/DN 50 mm (1 1/2"") Catalogo Dimetales PN10/PN16 L = 1 m"
02-04-010-000-075-01,Fittings,Tubo brida-brida,Fierro ductil,75,2 1/2,PN10/PN16,B,14.5,kg,22400.0,Hidrocentro Collin,"TUBO BRIDA-BRIDA FD B DE/DN 75 mm (2 1/2"") Catalogo Dimetales PN10/PN16 L = 0,4 m"
02-04-010-000-075-02,Fittings,Tubo brida-brida,Fierro ductil,75,2 1/2,PN10/PN16,B,17.9,kg,22400.0,Hidrocentro Collin,"TUBO BRIDA-BRIDA FD B DE/DN 75 mm (2 1/2"") Catalogo Dimetales PN10/PN16 L = 0,6 m"
02-04-010-000-075-03,Fittings,Tubo brida-brida,Fierro ductil,75,2 1/2,PN10/PN16,B,22.0,kg,22400.0,Hidrocentro Collin,"TUBO BRIDA-BRIDA FD B DE/DN 75 mm (2 1/2"") Catalogo Dimetales PN10/PN16 L = 0,8 m"
02-04-010-000-075-04,Fittings,Tubo brida-brida,Fierro ductil,75,2 1/2,PN10/PN16,B,25.0,kg,22400.0,Hidrocentro Collin,"TUBO BRIDA-BRIDA FD B DE/DN 75 mm (2 1/2"") Catalogo Dimetales PN10/PN16 L = 1 m"
02-04-010-000-100-01,Fittings,Tubo brida-brida,Fierro ductil,100,4,PN10/PN16,B,9.0,kg,26300.0,Hidrocentro Collin,"TUBO BRIDA-BRIDA FD B DE/DN 100 mm (4"") Catalogo Dimetales PN10/PN16 L = 0,2 m"
02-04-010-000-100-02,Fittings,Tubo brida-brida,Fierro ductil,100,4,PN10/PN16,B,10.0,kg,26300.0,Hidrocentro Collin,"TUBO BRIDA-BRIDA FD B DE/DN 100 mm (4"") Catalogo Dimetales PN10/PN16 L = 0,3 m"
02-04-010-000-100-03,Fittings,Tubo brida-brida,Fierro ductil,100,4,PN10/PN16,B,12.0,kg,26300.0,Hidrocentro Collin,"TUBO BRIDA-BRIDA FD B DE/DN 100 mm (4"") Catalogo Dimetales PN10/PN16 L = 0,4 m"
02-04-010-000-100-04,Fittings,Tubo brida-brida,Fierro ductil,100,4,PN10/PN16,B,15.5,kg,26300.0,Hidrocentro Collin,"TUBO BRIDA-BRIDA FD B DE/DN 100 mm (4"") Catalogo Dimetales PN10/PN16 L = 0,5 m"
02-04-010-000-100-05,Fittings,Tubo brida-brida,Fierro ductil,100,4,PN10/PN16,B,16.5,kg,26300.0,Hidrocentro Collin,"TUBO BRIDA-BRIDA FD B DE/DN 100 mm (4"") Catalogo Dimetales PN10/PN16 L = 0,6 m"
02-04-010-000-100-06,Fittings,Tubo brida-brida,Fierro ductil,100,4,PN10/PN16,B,20.0,kg,26300.0,Hidrocentro Collin,"TUBO BRIDA-BRIDA FD B DE/DN 100 mm (4"") Catalogo Dimetales PN10/PN16 L = 0,8 m"
02-04-010-000-100-07,Fittings,Tubo brida-brida,Fierro ductil,100,4,PN10/PN16,B,28.0,kg,26300.0,Hidrocentro Collin,"TUBO BRIDA-BRIDA FD B DE/DN 100 mm (4"") Catalogo Dimetales PN10/PN16 L = 1 m"
02-04-010-000-125-01,Fittings,Tubo brida-brida,Fierro ductil,125,5,PN10/PN16,B,25.8,kg,31150.0,Hidrocentro Collin,"TUBO BRIDA-BRIDA FD B DE/DN 125 mm (5"") Catalogo Dimetales PN10/PN16 L = 0,4 m"
02-04-010-000-125-02,Fittings,Tubo brida-brida,Fierro ductil,125,5,PN10/PN16,B,27.2,kg,31150.0,Hidrocentro Collin,"TUBO BRIDA-BRIDA FD B DE/DN 125 mm (5"") Catalogo Dimetales PN10/PN16 L = 0,6 m"
02-04-010-000-125-03,Fittings,Tubo brida-brida,Fierro ductil,125,5,PN10/PN16,B,28.3,kg,31150.0,Hidrocentro Collin,"TUBO BRIDA-BRIDA FD B DE/DN 125 mm (5"") Catalogo Dimetales PN10/PN16 L = 0,8 m"
02-04-010-000-125-04,Fittings,Tubo brida-brida,Fierro ductil,125,5,PN10/PN16,B,34.6,kg,31150.0,Hidrocentro Collin,"TUBO BRIDA-BRIDA FD B DE/DN 125 mm (5"") Catalogo Dimetales PN10/PN16 L = 1 m"
02-04-010-000-150-01,Fittings,Tubo brida-brida,Fierro ductil,150,6,PN10/PN16,B,19.6,kg,36890.0,Hidrocentro Collin,"TUBO BRIDA-BRIDA FD B DE/DN 150 mm (6"") Catalogo Dimetales PN10/PN16 L = 0,4 m"
02-04-010-000-150-02,Fittings,Tubo brida-brida,Fierro ductil,150,6,PN10/PN16,B,24.6,kg,36890.0,Hidrocentro Collin,"TUBO BRIDA-BRIDA FD B DE/DN 150 mm (6"") Catalogo Dimetales PN10/PN16 L = 0,6 m"
02-04-010-000-150-03,Fittings,Tubo brida-brida,Fierro ductil,150,6,PN10/PN16,B,29.4,kg,36890.0,Hidrocentro Collin,"TUBO BRIDA-BRIDA FD B DE/DN 150 mm (6"") Catalogo Dimetales PN10/PN16 L = 0,8 m"
02-04-010-000-150-04,Fittings,Tubo brida-brida,Fierro ductil,150,6,PN10/PN16,B,34.6,kg,36890.0,Hidrocentro Collin,"TUBO BRIDA-BRIDA FD B DE/DN 150 mm (6"") Catalogo Dimetales PN10/PN16 L = 1 m"
02-04-010-000-200-01,Fittings,Tubo brida-brida,Fierro ductil,200,8,PN10/PN16,B,29.1,kg,47140.0,Hidrocentro Collin,"TUBO BRIDA-BRIDA FD B DE/DN 200 mm (8"") Catalogo Dimetales PN10/PN16 L = 0,4 m"
02-04-010-000-200-02,Fittings,Tubo brida-brida,Fierro ductil,200,8,PN10/PN16,B,38.0,kg,47140.0,Hidrocentro Collin,"TUBO BRIDA-BRIDA FD B DE/DN 200 mm (8"") Catalogo Dimetales PN10/PN16 L = 0,6 m"
02-04-010-000-200-03,Fittings,Tubo brida-brida,Fierro ductil,200,8,PN10/PN16,B,45.0,kg,47140.0,Hidrocentro Collin,"TUBO BRIDA-BRIDA FD B DE/DN 200 mm (8"") Catalogo Dimetales PN10/PN16 L = 0,8 m"
02-04-010-000-200-04,Fittings,Tubo brida-brida,Fierro ductil,200,8,PN10/PN16,B,56.0,kg,47140.0,Hidrocentro Collin,"TUBO BRIDA-BRIDA FD B DE/DN 200 mm (8"") Catalogo Dimetales PN10/PN16 L = 1 m"
02-04-010-000-250-01,Fittings,Tubo brida-brida,Fierro ductil,250,10,PN10/PN16,B,42.6,kg,60590.0,Hidrocentro Collin,"TUBO BRIDA-BRIDA FD B DE/DN 250 mm (10"") Catalogo Dimetales PN10/PN16 L = 0,4 m"
02-04-010-000-250-02,Fittings,Tubo brida-brida,Fierro ductil,250,10,PN10/PN16,B,54.4,kg,60590.0,Hidrocentro Collin,"TUBO BRIDA-BRIDA FD B DE/DN 250 mm (10"") Catalogo Dimetales PN10/PN16 L = 0,6 m"
02-04-010-000-250-03,Fittings,Tubo brida-brida,Fierro ductil,250,10,PN10/PN16,B,66.1,kg,60590.0,Hidrocentro Collin,"TUBO BRIDA-BRIDA FD B DE/DN 250 mm (10"") Catalogo Dimetales PN10/PN16 L = 0,8 m"
02-04-010-000-250-04,Fittings,Tubo brida-brida,Fierro ductil,250,10,PN10/PN16,B,77.8,kg,60590.0,Hidrocentro Collin,"TUBO BRIDA-BRIDA FD B DE/DN 250 mm (10"") Catalogo Dimetales PN10/PN16 L = 1 m"
02-04-010-000-300-01,Fittings,Tubo brida-brida,Fierro ductil,300,12,PN10/PN16,B,62.0,kg,74890.0,Hidrocentro Collin,"TUBO BRIDA-BRIDA FD B DE/DN 300 mm (12"") Catalogo Dimetales PN10/PN16 L = 0,4 m"
02-04-010-000-300-02,Fittings,Tubo brida-brida,Fierro ductil,300,12,PN10/PN16,B,76.0,kg,74890.0,Hidrocentro Collin,"TUBO BRIDA-BRIDA FD B DE/DN 300 mm (12"") Catalogo Dimetales PN10/PN16 L = 0,6 m"
02-04-010-000-300-03,Fittings,Tubo brida-brida,Fierro ductil,300,12,PN10/PN16,B,90.0,kg,74890.0,Hidrocentro Collin,"TUBO BRIDA-BRIDA FD B DE/DN 300 mm (12"") Catalogo Dimetales PN10/PN16 L = 0,8 m"
02-04-010-000-300-04,Fittings,Tubo brida-brida,Fierro ductil,300,12,PN10/PN16,B,102.0,kg,74890.0,Hidrocentro Collin,"TUBO BRIDA-BRIDA FD B DE/DN 300 mm (12"") Catalogo Dimetales PN10/PN16 L = 1 m"
02-04-011-000-100-01,Fittings,Tubo brida-gibault,Fierro ductil,100,4,PN10/PN16,B,7.5,kg,26300.0,Hidrocentro Collin,"TUBO BRIDA-GIBAULT FD B DE/DN 100 mm (4"") Catalogo Dimetales PN10/PN16 L = 0,2 m"
02-04-011-000-100-02,Fittings,Tubo brida-gibault,Fierro ductil,100,4,PN10/PN16,B,11.0,kg,26300.0,Hidrocentro Collin,"TUBO BRIDA-GIBAULT FD B DE/DN 100 mm (4"") Catalogo Dimetales PN10/PN16 L = 0,4 m"
02-04-011-000-100-03,Fittings,Tubo brida-gibault,Fierro ductil,100,4,PN10/PN16,B,13.0,kg,26300.0,Hidrocentro Collin,"TUBO BRIDA-GIBAULT FD B DE/DN 100 mm (4"") Catalogo Dimetales PN10/PN16 L = 0,6 m"
02-04-011-000-100-04,Fittings,Tubo brida-gibault,Fierro ductil,100,4,PN10/PN16,B,16.0,kg,26300.0,Hidrocentro Collin,"TUBO BRIDA-GIBAULT FD B DE/DN 100 mm (4"") Catalogo Dimetales PN10/PN16 L = 0,8 m"
02-04-011-000-100-05,Fittings,Tubo brida-gibault,Fierro ductil,100,4,PN10/PN16,B,20.0,kg,26300.0,Hidrocentro Collin,"TUBO BRIDA-GIBAULT FD B DE/DN 100 mm (4"") Catalogo Dimetales PN10/PN16 L = 1 m"
02-04-008-000-050-01,Fittings,Curva,Fierro ductil,50,1 1/2,PN10/PN16,B,9.6,kg,,,"CURVA FD B DE/DN 50 mm (1 1/2"") PN10/PN16"
02-04-008-000-050-02,Fittings,Curva,Fierro ductil,50,1 1/2,PN10/PN16,B,9.5,kg,,,"CURVA FD B DE/DN 50 mm (1 1/2"") PN10/PN16"
02-04-008-000-075-01,Fittings,Curva,Fierro ductil,75,2 1/2,PN10/PN16,B,12.0,kg,,,"CURVA FD B DE/DN 75 mm (2 1/2"") PN10/PN16"
02-04-008-000-075-02,Fittings,Curva,Fierro ductil,75,2 1/2,PN10/PN16,B,11.0,kg,,,"CURVA FD B DE/DN 75 mm (2 1/2"") PN10/PN16"
02-04-008-000-100-01,Fittings,Curva,Fierro ductil,100,4,PN10/PN16,B,13.0,kg,,,"CURVA FD B DE/DN 100 mm (4"") PN10/PN16"
02-04-008-000-100-02,Fittings,Curva,Fierro ductil,100,4,PN10/PN16,B,12.0,kg,,,"CURVA FD B DE/DN 100 mm (4"") PN10/PN16"
02-04-008-000-125-01,Fittings,Curva,Fierro ductil,125,5,PN10/PN16,B,18.0,kg,,,"CURVA FD B DE/DN 125 mm (5"") PN10/PN16"
02-04-008-000-125-02,Fittings,Curva,Fierro ductil,125,5,PN10/PN16,B,16.0,kg,,,"CURVA FD B DE/DN 125 mm (5"") PN10/PN16"
02-04-008-000-150-01,Fittings,Curva,Fierro ductil,150,6,PN10/PN16,B,21.0,kg,,,"CURVA FD B DE/DN 150 mm (6"") PN10/PN16"
02-04-008-000-150-02,Fittings,Curva,Fierro ductil,150,6,PN10/PN16,B,20.0,kg,,,"CURVA FD B DE/DN 150 mm (6"") PN10/PN16"
02-04-008-000-200-01,Fittings,Curva,Fierro ductil,200,8,PN10/PN16,B,30.0,kg,,,"CURVA FD B DE/DN 200 mm (8"") PN10/PN16"
02-04-008-000-200-02,Fittings,Curva,Fierro ductil,200,8,PN10/PN16,B,28.0,kg,,,"CURVA FD B DE/DN 200 mm (8"") PN10/PN16"
02-04-008-000-250-01,Fittings,Curva,Fierro ductil,250,10,PN10/PN16,B,61.0,kg,,,"CURVA FD B DE/DN 250 mm (10"") PN10/PN16"
02-04-008-000-250-02,Fittings,Curva,Fierro ductil,250,10,PN10/PN16,B,57.0,kg,,,"CURVA FD B DE/DN 250 mm (10"") PN10/PN16"
02-04-008-000-300-01,Fittings,Curva,Fierro ductil,300,12,PN10/PN16,B,90.0,kg,,,"CURVA FD B DE/DN 300 mm (12"") PN10/PN16"
02-04-008-000-300-02,Fittings,Curva,Fierro ductil,300,12,PN10/PN16,B,72.0,kg,,,"CURVA FD B DE/DN 300 mm (12"") PN10/PN16"
02-04-008-000-350-01,Fittings,Curva,Fierro ductil,350,14,PN10/PN16,B,120.0,kg,,,"CURVA FD B DE/DN 350 mm (14"") PN10/PN16"
02-04-008-000-350-02,Fittings,Curva,Fierro ductil,350,14,PN10/PN16,B,110.0,kg,,,"CURVA FD B DE/DN 350 mm (14"") PN10/PN16"
02-04-012-000-050,Fittings,Codo patin,Fierro ductil,50,1 1/2,PN10/PN16,BB,11.8,kg,,,"CODO PATIN FD BB DE/DN 50 mm (1 1/2"") PN10/PN16"
02-04-012-000-075,Fittings,Codo patin,Fierro ductil,75,2 1/2,PN10/PN16,BB,15.0,kg,,,"CODO PATIN FD BB DE/DN 75 mm (2 1/2"") PN10/PN16"
02-04-012-000-100,Fittings,Codo patin,Fierro ductil,100,4,PN10/PN16,BB,18.0,kg,,,"CODO PATIN FD BB DE/DN 100 mm (4"") PN10/PN16"
02-04-012-000-150,Fittings,Codo patin,Fierro ductil,150,6,PN10/PN16,BB,31.2,kg,,,"CODO PATIN FD BB DE/DN 150 mm (6"") PN10/PN16"
02-04-012-000-200,Fittings,Codo patin,Fierro ductil,200,8,PN10/PN16,BB,47.0,kg,,,"CODO PATIN FD BB DE/DN 200 mm (8"") PN10/PN16"
02-04-003-000-075-050,Fittings,Reduccion,Fierro ductil,75-50,2 1/2-1 1/2,PN10/PN16,B,9.2,kg,,,"REDUCCION FD B DE/DN 75-50 mm (2 1/2""-1 1/2"") PN10/PN16"
02-04-003-000-100-050,Fittings,Reduccion,Fierro ductil,100-50,4-1 1/2,PN10/PN16,B,9.3,kg,,,"REDUCCION FD B DE/DN 100-50 mm (4""-1 1/2"") PN10/PN16"
02-04-003-000-100-075,Fittings,Reduccion,Fierro ductil,100-75,4-2 1/2,PN10/PN16,B,9.3,kg,,,"REDUCCION FD B DE/DN 100-75 mm (4""-2 1/2"") PN10/PN16"
02-04-003-000-125-050,Fittings,Reduccion,Fierro ductil,125-50,5-1 1/2,PN10/PN16,B,12.0,kg,,,"REDUCCION FD B DE/DN 125-50 mm (5""-1 1/2"") PN10/PN16"
02-04-003-000-125-075,Fittings,Reduccion,Fierro ductil,125-75,5-2 1/2,PN10/PN16,B,12.0,kg,,,"REDUCCION FD B DE/DN 125-75 mm (5""-2 1/2"") PN10/PN16"
02-04-003-000-125-100,Fittings,Reduccion,Fierro ductil,125-100,5-4,PN10/PN16,B,12.0,kg,,,"REDUCCION FD B DE/DN 125-100 mm (5""-4"") PN10/PN16"
02-04-003-000-150-050,Fittings,Reduccion,Fierro ductil,150-50,6-1 1/2,PN10/PN16,B,16.4,kg,,,"REDUCCION FD B DE/DN 150-50 mm (6""-1 1/2"") PN10/PN16"
02-04-003-000-150-075,Fittings,Reduccion,Fierro ductil,150-75,6-2 1/2,PN10/PN16,B,16.4,kg,,,"REDUCCION FD B DE/DN 150-75 mm (6""-2 1/2"") PN10/PN16"
02-04-003-000-150-100,Fittings,Reduccion,Fierro ductil,150-100,6-4,PN10/PN16,B,15.3,kg,,,"REDUCCION FD B DE/DN 150-100 mm (6""-4"") PN10/PN16"
02-04-003-000-200-050,Fittings,Reduccion,Fierro ductil,200-50,8-1 1/2,PN10/PN16,B,27.5,kg,,,"REDUCCION FD B DE/DN 200-50 mm (8""-1 1/2"") PN10/PN16"
02-04-003-000-200-075,Fittings,Reduccion,Fierro ductil,200-75,8-2 1/2,PN10/PN16,B,27.5,kg,,,"REDUCCION FD B DE/DN 200-75 mm (8""-2 1/2"") PN10/PN16"
02-04-003-000-200-100,Fittings,Reduccion,Fierro ductil,200-100,8-4,PN10/PN16,B,27.5,kg,,,"REDUCCION FD B DE/DN 200-100 mm (8""-4"") PN10/PN16"
02-04-003-000-200-150,Fittings,Reduccion,Fierro ductil,200-150,8-6,PN10/PN16,B,22.0,kg,,,"REDUCCION FD B DE/DN 200-150 mm (8""-6"") PN10/PN16"
02-04-003-000-250-075,Fittings,Reduccion,Fierro ductil,250-75,10-2 1/2,PN10/PN16,B,20.0,kg,,,"REDUCCION FD B DE/DN 250-75 mm (10""-2 1/2"") PN10/PN16"
02-04-003-000-250-100,Fittings,Reduccion,Fierro ductil,250-100,10-4,PN10/PN16,B,25.0,kg,,,"REDUCCION FD B DE/DN 250-100 mm (10""-4"") PN10/PN16"
02-04-003-000-250-150,Fittings,Reduccion,Fierro ductil,250-150,10-6,PN10/PN16,B,30.0,kg,,,"REDUCCION FD B DE/DN 250-150 mm (10""-6"") PN10/PN16"
02-04-003-000-250-200,Fittings,Reduccion,Fierro ductil,250-200,10-8,PN10/PN16,B,35.0,kg,,,"REDUCCION FD B DE/DN 250-200 mm (10""-8"") PN10/PN16"
02-04-003-000-300-100,Fittings,Reduccion,Fierro ductil,300-100,12-4,PN10/PN16,B,28.0,kg,,,"REDUCCION FD B DE/DN 300-100 mm (12""-4"") PN10/PN16"
02-04-003-000-300-150,Fittings,Reduccion,Fierro ductil,300-150,12-6,PN10/PN16,B,30.0,kg,,,"REDUCCION FD B DE/DN 300-150 mm (12""-6"") PN10/PN16"
02-04-003-000-300-200,Fittings,Reduccion,Fierro ductil,300-200,12-8,PN10/PN16,B,33.5,kg,,,"REDUCCION FD B DE/DN 300-200 mm (12""-8"") PN10/PN16"
02-04-004-000-050-050,Fittings,Tee igual,Fierro ductil,50,1 1/2-1 1/2,PN10/PN16,B,11.0,kg,28600.0,Hidrocentro Collin,"TEE IGUAL FD B DE/DN 50-50 mm (1 1/2""-1 1/2"") PN10/PN16"
02-04-004-000-075-050,Fittings,Tee igual,Fierro ductil,75,2 1/2-1 1/2,PN10/PN16,B,15.0,kg,35750.0,Hidrocentro Collin,"TEE IGUAL FD B DE/DN 75-50 mm (2 1/2""-1 1/2"") PN10/PN16"
02-04-004-000-075-075,Fittings,Tee igual,Fierro ductil,75,2 1/2-2 1/2,PN10/PN16,B,16.0,kg,35750.0,Hidrocentro Collin,"TEE IGUAL FD B DE/DN 75-75 mm (2 1/2""-2 1/2"") PN10/PN16"
02-04-004-000-100-050,Fittings,Tee igual,Fierro ductil,100,4-1 1/2,PN10/PN16,B,15.0,kg,42765.0,Hidrocentro Collin,"TEE IGUAL FD B DE/DN 100-50 mm (4""-1 1/2"") PN10/PN16"
02-04-004-000-100-075,Fittings,Tee igual,Fierro ductil,100,4-2 1/2,PN10/PN16,B,18.0,kg,42765.0,Hidrocentro Collin,"TEE IGUAL FD B DE/DN 100-75 mm (4""-2 1/2"") PN10/PN16"
02-04-004-000-100-100,Fittings,Tee igual,Fierro ductil,100,4-4,PN10/PN16,B,20.0,kg,42765.0,Hidrocentro Collin,"TEE IGUAL FD B DE/DN 100-100 mm (4""-4"") PN10/PN16"
02-04-004-000-125-050,Fittings,Tee igual,Fierro ductil,125,5-1 1/2,PN10/PN16,B,28.0,kg,54890.0,Hidrocentro Collin,"TEE IGUAL FD B DE/DN 125-50 mm (5""-1 1/2"") PN10/PN16"
02-04-004-000-125-075,Fittings,Tee igual,Fierro ductil,125,5-2 1/2,PN10/PN16,B,29.0,kg,54890.0,Hidrocentro Collin,"TEE IGUAL FD B DE/DN 125-75 mm (5""-2 1/2"") PN10/PN16"
02-04-004-000-125-100,Fittings,Tee igual,Fierro ductil,125,5-4,PN10/PN16,B,30.0,kg,54890.0,Hidrocentro Collin,"TEE IGUAL FD B DE/DN 125-100 mm (5""-4"") PN10/PN16"
02-04-004-000-125-125,Fittings,Tee igual,Fierro ductil,125,5-5,PN10/PN16,B,25.5,kg,54890.0,Hidrocentro Collin,"TEE IGUAL FD B DE/DN 125-125 mm (5""-5"") PN10/PN16"
02-04-004-000-150-050,Fittings,Tee igual,Fierro ductil,150,6-1 1/2,PN10/PN16,B,27.2,kg,68100.0,Hidrocentro Collin,"TEE IGUAL FD B DE/DN 150-50 mm (6""-1 1/2"") PN10/PN16"
02-04-004-000-150-075,Fittings,Tee igual,Fierro ductil,150,6-2 1/2,PN10/PN16,B,28.5,kg,68100.0,Hidrocentro Collin,"TEE IGUAL FD B DE/DN 150-75 mm (6""-2 1/2"") PN10/PN16"
02-04-004-000-150-100,Fittings,Tee igual,Fierro ductil,150,6-4,PN10/PN16,B,30.5,kg,68100.0,Hidrocentro Collin,"TEE IGUAL FD B DE/DN 150-100 mm (6""-4"") PN10/PN16"
02-04-004-000-150-150,Fittings,Tee igual,Fierro ductil,150,6-6,PN10/PN16,B,34.5,kg,68100.0,Hidrocentro Collin,"TEE IGUAL FD B DE/DN 150-150 mm (6""-6"") PN10/PN16"
02-04-004-000-200-050,Fittings,Tee igual,Fierro ductil,200,8-1 1/2,PN10/PN16,B,40.0,kg,,,"TEE IGUAL FD B DE/DN 200-50 mm (8""-1 1/2"") PN10/PN16"
02-04-004-000-200-075,Fittings,Tee igual,Fierro ductil,200,8-2 1/2,PN10/PN16,B,42.0,kg,,,"TEE IGUAL FD B DE/DN 200-75 mm (8""-2 1/2"") PN10/PN16"
02-04-004-000-200-100,Fittings,Tee igual,Fierro ductil,200,8-4,PN10/PN16,B,43.0,kg,,,"TEE IGUAL FD B DE/DN 200-100 mm (8""-4"") PN10/PN16"
02-04-004-000-200-150,Fittings,Tee igual,Fierro ductil,200,8-6,PN10/PN16,B,48.0,kg,,,"TEE IGUAL FD B DE/DN 200-150 mm (8""-6"") PN10/PN16"
02-04-004-000-200-200,Fittings,Tee igual,Fierro ductil,200,8-8,PN10/PN16,B,50.0,kg,,,"TEE IGUAL FD B DE/DN 200-200 mm (8""-8"") PN10/PN16"
02-04-004-000-250-100,Fittings,Tee igual,Fierro ductil,250,10-4,PN10/PN16,B,60.0,kg,,,"TEE IGUAL FD B DE/DN 250-100 mm (10""-4"") PN10/PN16"
02-04-004-000-250-150,Fittings,Tee igual,Fierro ductil,250,10-6,PN10/PN16,B,70.0,kg,,,"TEE IGUAL FD B DE/DN 250-150 mm (10""-6"") PN10/PN16"
02-04-004-000-250-200,Fittings,Tee igual,Fierro ductil,250,10-8,PN10/PN16,B,60.0,kg,,,"TEE IGUAL FD B DE/DN 250-200 mm (10""-8"") PN10/PN16"
02-04-004-000-250-250,Fittings,Tee igual,Fierro ductil,250,10-10,PN10/PN16,B,81.0,kg,,,"TEE IGUAL FD B DE/DN 250-250 mm (10""-10"") PN10/PN16"
02-04-004-000-300-100,Fittings,Tee igual,Fierro ductil,300,12-4,PN10/PN16,B,85.0,kg,,,"TEE IGUAL FD B DE/DN 300-100 mm (12""-4"") PN10/PN16"
02-04-004-000-300-150,Fittings,Tee igual,Fierro ductil,300,12-6,PN10/PN16,B,90.0,kg,,,"TEE IGUAL FD B DE/DN 300-150 mm (12""-6"") PN10/PN16"
02-04-004-000-300-200,Fittings,Tee igual,Fierro ductil,300,12-8,PN10/PN16,B,100.0,kg,,,"TEE IGUAL FD B DE/DN 300-200 mm (12""-8"") PN10/PN16"
02-04-004-000-300-300,Fittings,Tee igual,Fierro ductil,300,12-12,PN10/PN16,B,110.0,kg,,,"TEE IGUAL FD B DE/DN 300-300 mm (12""-12"") PN10/PN16"
02-04-004-000-063-063,Fittings,Tee igual,Fierro ductil,63,2-2,PN10/PN16,CC,3.0,kg,,,"TEE IGUAL FD CC DE/DN 63-63 mm (2""-2"") PN10/PN16"
02-04-004-000-075-063,Fittings,Tee igual,Fierro ductil,75,2 1/2-2,PN10/PN16,CC,4.0,kg,35750.0,Hidrocentro Collin,"TEE IGUAL FD CC DE/DN 75-63 mm (2 1/2""-2"") PN10/PN16"
02-04-004-000-075-075,Fittings,Tee igual,Fierro ductil,75,2 1/2-2 1/2,PN10/PN16,CC,4.0,kg,35750.0,Hidrocentro Collin,"TEE IGUAL FD CC DE/DN 75-75 mm (2 1/2""-2 1/2"") PN10/PN16"
02-04-004-000-090-063,Fittings,Tee igual,Fierro ductil,90,3-2,PN10/PN16,CC,5.0,kg,,,"TEE IGUAL FD CC DE/DN 90-63 mm (3""-2"") PN10/PN16"
02-04-004-000-090-075,Fittings,Tee igual,Fierro ductil,90,3-2 1/2,PN10/PN16,CC,5.0,kg,,,"TEE IGUAL FD CC DE/DN 90-75 mm (3""-2 1/2"") PN10/PN16"
02-04-004-000-090-090,Fittings,Tee igual,Fierro ductil,90,3-3,PN10/PN16,CC,6.0,kg,,,"TEE IGUAL FD CC DE/DN 90-90 mm (3""-3"") PN10/PN16"
02-04-004-000-110-063,Fittings,Tee igual,Fierro ductil,110,4-2,PN10/PN16,CC,7.35,kg,,,"TEE IGUAL FD CC DE/DN 110-63 mm (4""-2"") PN10/PN16"
02-04-004-000-110-075,Fittings,Tee igual,Fierro ductil,110,4-2 1/2,PN10/PN16,CC,7.92,kg,,,"TEE IGUAL FD CC DE/DN 110-75 mm (4""-2 1/2"") PN10/PN16"
02-04-004-000-110-090,Fittings,Tee igual,Fierro ductil,110,4-3,PN10/PN16,CC,8.75,kg,,,"TEE IGUAL FD CC DE/DN 110-90 mm (4""-3"") PN10/PN16"
02-04-004-000-110-110,Fittings,Tee igual,Fierro ductil,110,4-4,PN10/PN16,CC,9.2,kg,,,"TEE IGUAL FD CC DE/DN 110-110 mm (4""-4"") PN10/PN16"
02-04-004-000-140-110,Fittings,Tee igual,Fierro ductil,140,5 1/2-4,PN10/PN16,CC,13.7,kg,,,"TEE IGUAL FD CC DE/DN 140-110 mm (5 1/2""-4"") PN10/PN16"
02-04-004-000-140-140,Fittings,Tee igual,Fierro ductil,140,5 1/2-5 1/2,PN10/PN16,CC,15.6,kg,,,"TEE IGUAL FD CC DE/DN 140-140 mm (5 1/2""-5 1/2"") PN10/PN16"
02-04-004-000-160-075,Fittings,Tee igual,Fierro ductil,160,6-2 1/2,PN10/PN16,CC,16.0,kg,,,"TEE IGUAL FD CC DE/DN 160-75 mm (6""-2 1/2"") PN10/PN16"
02-04-004-000-160-110,Fittings,Tee igual,Fierro ductil,160,6-4,PN10/PN16,CC,17.0,kg,,,"TEE IGUAL FD CC DE/DN 160-110 mm (6""-4"") PN10/PN16"
02-04-004-000-160-160,Fittings,Tee igual,Fierro ductil,160,6-6,PN10/PN16,CC,19.0,kg,,,"TEE IGUAL FD CC DE/DN 160-160 mm (6""-6"") PN10/PN16"
02-04-004-000-200-110,Fittings,Tee igual,Fierro ductil,200,8-4,PN10/PN16,CC,22.0,kg,,,"TEE IGUAL FD CC DE/DN 200-110 mm (8""-4"") PN10/PN16"
02-04-004-000-200-200,Fittings,Tee igual,Fierro ductil,200,8-8,PN10/PN16,CC,34.0,kg,,,"TEE IGUAL FD CC DE/DN 200-200 mm (8""-8"") PN10/PN16"
02-04-004-000-250-110,Fittings,Tee igual,Fierro ductil,250,10-4,PN10/PN16,CC,30.0,kg,,,"TEE IGUAL FD CC DE/DN 250-110 mm (10""-4"") PN10/PN16"
02-04-004-000-250-250,Fittings,Tee igual,Fierro ductil,250,10-10,PN10/PN16,CC,35.0,kg,,,"TEE IGUAL FD CC DE/DN 250-250 mm (10""-10"") PN10/PN16"
02-04-007-000-050-01,Fittings,Terminal,Fierro ductil,50,1 1/2,PN10/PN16,B,3.0,kg,,,"TERMINAL FD B DE/DN 50 mm (1 1/2"") PN10/PN16"
02-04-007-000-075-01,Fittings,Terminal,Fierro ductil,75,2 1/2,PN10/PN16,B,5.0,kg,,,"TERMINAL FD B DE/DN 75 mm (2 1/2"") PN10/PN16"
02-04-007-000-100-01,Fittings,Terminal,Fierro ductil,100,4,PN10/PN16,B,7.0,kg,,,"TERMINAL FD B DE/DN 100 mm (4"") PN10/PN16"
02-04-007-000-150-01,Fittings,Terminal,Fierro ductil,150,6,PN10/PN16,B,14.0,kg,,,"TERMINAL FD B DE/DN 150 mm (6"") PN10/PN16"
02-04-007-000-050-063,Fittings,Terminal,Fierro ductil,50,1 1/2-2,PN10/PN16,B,3.6,kg,,,"TERMINAL FD B DE/DN 50-63 mm (1 1/2""-2"") PN10/PN16"
02-04-007-000-075-075,Fittings,Terminal,Fierro ductil,75,2 1/2-2 1/2,PN10/PN16,B,4.0,kg,,,"TERMINAL FD B DE/DN 75-75 mm (2 1/2""-2 1/2"") PN10/PN16"
02-04-007-000-075-090,Fittings,Terminal,Fierro ductil,75,2 1/2-3,PN10/PN16,B,5.2,kg,,,"TERMINAL FD B DE/DN 75-90 mm (2 1/2""-3"") PN10/PN16"
02-04-007-000-100-110,Fittings,Terminal,Fierro ductil,100,4-4,PN10/PN16,B,7.0,kg,,,"TERMINAL FD B DE/DN 100-110 mm (4""-4"") PN10/PN16"
02-04-007-000-125-125,Fittings,Terminal,Fierro ductil,125,5-5,PN10/PN16,B,7.6,kg,,,"TERMINAL FD B DE/DN 125-125 mm (5""-5"") PN10/PN16"
02-04-007-000-125-140,Fittings,Terminal,Fierro ductil,125,5-5 1/2,PN10/PN16,B,8.0,kg,,,"TERMINAL FD B DE/DN 125-140 mm (5""-5 1/2"") PN10/PN16"
02-04-007-000-150-160,Fittings,Terminal,Fierro ductil,150,6-6,PN10/PN16,B,9.5,kg,,,"TERMINAL FD B DE/DN 150-160 mm (6""-6"") PN10/PN16"
02-04-007-000-200-200,Fittings,Terminal,Fierro ductil,200,8-8,PN10/PN16,B,15.7,kg,,,"TERMINAL FD B DE/DN 200-200 mm (8""-8"") PN10/PN16"
02-04-007-000-250-250,Fittings,Terminal,Fierro ductil,250,10-10,PN10/PN16,B,29.0,kg,,,"TERMINAL FD B DE/DN 250-250 mm (10""-10"") PN10/PN16"
02-04-007-000-300-315,Fittings,Terminal,Fierro ductil,300,12-12,PN10/PN16,B,35.0,kg,,,"TERMINAL FD B DE/DN 300-315 mm (12""-12"") PN10/PN16"
02-04-007-000-350-355,Fittings,Terminal,Fierro ductil,350,14-14,PN10/PN16,B,50.0,kg,,,"TERMINAL FD B DE/DN 350-355 mm (14""-14"") PN10/PN16"
02-04-007-000-400-400,Fittings,Terminal,Fierro ductil,400,16-16,PN10/PN16,B,60.0,kg,,,"TERMINAL FD B DE/DN 400-400 mm (16""-16"") PN10/PN16"
02-04-013-000-063,Fittings,Tapon,Fierro ductil,63,2,PN10/PN16,C,1.4,kg,,,"TAPON FD C DE/DN 63 mm (2"") PN10/PN16"
02-04-013-000-075,Fittings,Tapon,Fierro ductil,75,2 1/2,PN10/PN16,C,1.6,kg,,,"TAPON FD C DE/DN 75 mm (2 1/2"") PN10/PN16"
02-04-013-000-090,Fittings,Tapon,Fierro ductil,90,3,PN10/PN16,C,1.8,kg,,,"TAPON FD C DE/DN 90 mm (3"") PN10/PN16"
02-04-013-000-110,Fittings,Tapon,Fierro ductil,110,4,PN10/PN16,C,2.1,kg,,,"TAPON FD C DE/DN 110 mm (4"") PN10/PN16"
02-04-013-000-125,Fittings,Tapon,Fierro ductil,125,5,PN10/PN16,C,4.1,kg,,,"TAPON FD C DE/DN 125 mm (5"") PN10/PN16"
02-04-013-000-160,Fittings,Tapon,Fierro ductil,160,6,PN10/PN16,C,6.4,kg,,,"TAPON FD C DE/DN 160 mm (6"") PN10/PN16"
02-04-013-000-200,Fittings,Tapon,Fierro ductil,200,8,PN10/PN16,C,9.9,kg,,,"TAPON FD C DE/DN 200 mm (8"") PN10/PN16"
03-04-002-000-050,Bridas,Brida ciega,Fierro ductil,50,1 1/2,PN10/PN16,B,4.1,kg,18500.0,Hidrocentro Collin,"BRIDA CIEGA FD B DE/DN 50 mm (1 1/2"") Catalogo Dimetales PN10/PN16"
03-04-002-000-075,Bridas,Brida ciega,Fierro ductil,75,2 1/2,PN10/PN16,B,4.3,kg,22400.0,Hidrocentro Collin,"BRIDA CIEGA FD B DE/DN 75 mm (2 1/2"") Catalogo Dimetales PN10/PN16"
03-04-002-000-100,Bridas,Brida ciega,Fierro ductil,100,4,PN10/PN16,B,4.3,kg,26300.0,Hidrocentro Collin,"BRIDA CIEGA FD B DE/DN 100 mm (4"") Catalogo Dimetales PN10/PN16"
03-04-002-000-125,Bridas,Brida ciega,Fierro ductil,125,5,PN10/PN16,B,7.2,kg,31150.0,Hidrocentro Collin,"BRIDA CIEGA FD B DE/DN 125 mm (5"") Catalogo Dimetales PN10/PN16"
03-04-002-000-150,Bridas,Brida ciega,Fierro ductil,150,6,PN10/PN16,B,7.2,kg,36890.0,Hidrocentro Collin,"BRIDA CIEGA FD B DE/DN 150 mm (6"") Catalogo Dimetales PN10/PN16"
03-04-002-000-200,Bridas,Brida ciega,Fierro ductil,200,8,PN10/PN16,B,11.0,kg,47140.0,Hidrocentro Collin,"BRIDA CIEGA FD B DE/DN 200 mm (8"") Catalogo Dimetales PN10/PN16"
03-04-002-000-250,Bridas,Brida ciega,Fierro ductil,250,10,PN10/PN16,B,16.9,kg,60590.0,Hidrocentro Collin,"BRIDA CIEGA FD B DE/DN 250 mm (10"") Catalogo Dimetales PN10/PN16"
03-04-002-000-300,Bridas,Brida ciega,Fierro ductil,300,12,PN10/PN16,B,24.0,kg,74890.0,Hidrocentro Collin,"BRIDA CIEGA FD B DE/DN 300 mm (12"") Catalogo Dimetales PN10/PN16"
03-01-003-000-050,Bridas,Brida soldar,Acero carbono,50,1 1/2,PN10/PN16,B,2.46,kg,6714.0,WEB,"BRIDA SOLDAR ACERO CARB. B DE/DN 50 mm (1 1/2"") DIN 2576 PN10/PN16"
03-01-003-000-075,Bridas,Brida soldar,Acero carbono,75,2 1/2,PN10/PN16,B,3.6,kg,23825.0,Hidrocentro Paicavi,"BRIDA SOLDAR ACERO CARB. B DE/DN 75 mm (2 1/2"") DIN 2576 PN10/PN16"
03-01-003-000-075,Bridas,Brida soldar,Acero carbono,75,2 1/2,PN10/PN16,B,3.6,kg,13934.0,Hidrocentro Paicavi,"BRIDA SOLDAR ACERO CARB. B DE/DN 75 mm (2 1/2"") DIN 2576 PN10/PN16"
03-01-003-000-100,Bridas,Brida soldar,Acero carbono,100,4,PN10/PN16,B,4.0,kg,11756.0,WEB,"BRIDA SOLDAR ACERO CARB. B DE/DN 100 mm (4"") DIN 2576 PN10/PN16"
03-01-003-000-100,Bridas,Brida soldar,Acero carbono,100,4,PN10/PN16,B,4.0,kg,11756.0,WEB,"BRIDA SOLDAR ACERO CARB. B DE/DN 100 mm (4"") DIN 2576 PN10/PN16"
03-01-003-000-125,Bridas,Brida soldar,Acero carbono,125,5,PN10/PN16,B,5.46,kg,15118.0,WEB,"BRIDA SOLDAR ACERO CARB. B DE/DN 125 mm (5"") DIN 2576 PN10/PN16"
03-01-003-000-150,Bridas,Brida soldar,Acero carbono,150,6,PN10/PN16,B,6.54,kg,16798.0,WEB,"BRIDA SOLDAR ACERO CARB. B DE/DN 150 mm (6"") DIN 2576 PN10/PN16"
03-01-003-000-150,Bridas,Brida soldar,Acero carbono,150,6,PN10/PN16,B,6.54,kg,16798.0,WEB,"BRIDA SOLDAR ACERO CARB. B DE/DN 150 mm (6"") DIN 2576 PN10/PN16"
03-01-003-000-200,Bridas,Brida soldar,Acero carbono,200,8,PN10/PN16,B,9.43,kg,26042.0,WEB,"BRIDA SOLDAR ACERO CARB. B DE/DN 200 mm (8"") DIN 2576 PN10/PN16"
03-01-003-000-250,Bridas,Brida soldar,Acero carbono,250,10,PN10/PN16,B,11.9,kg,33605.0,WEB,"BRIDA SOLDAR ACERO CARB. B DE/DN 250 mm (10"") DIN 2576 PN10/PN16"
03-01-003-000-300,Bridas,Brida soldar,Acero carbono,300,12,PN10/PN16,B,13.6,kg,,,"BRIDA SOLDAR ACERO CARB. B DE/DN 300 mm (12"") DIN 2576 PN10/PN16"
03-01-003-000-350,Bridas,Brida soldar,Acero carbono,350,14,PN10/PN16,B,18.0,kg,,,"BRIDA SOLDAR ACERO CARB. B DE/DN 350 mm (14"") DIN 2576 PN10/PN16"
03-01-003-000-400,Bridas,Brida soldar,Acero carbono,400,16,PN10/PN16,B,22.0,kg,,,"BRIDA SOLDAR ACERO CARB. B DE/DN 400 mm (16"") DIN 2576 PN10/PN16"
03-01-003-000-450,Bridas,Brida soldar,Acero carbono,450,18,PN10/PN16,B,30.0,kg,,,"BRIDA SOLDAR ACERO CARB. B DE/DN 450 mm (18"") DIN 2576 PN10/PN16"
03-01-003-000-500,Bridas,Brida soldar,Acero carbono,500,20,PN10/PN16,B,40.0,kg,,,"BRIDA SOLDAR ACERO CARB. B DE/DN 500 mm (20"") DIN 2576 PN10/PN16"
03-01-003-000-600,Bridas,Brida soldar,Acero carbono,600,24,PN10/PN16,B,50.0,kg,,,"BRIDA SOLDAR ACERO CARB. B DE/DN 600 mm (24"") DIN 2576 PN10/PN16"
03-02-003-000-050,Bridas,Brida soldar,Acero galvanizado,50,1 1/2,PN10/PN16,B,3.0,kg,,,"BRIDA SOLDAR ACERO GALV. B DE/DN 50 mm (1 1/2"") DIN 2576 PN10/PN16"
03-02-003-000-080,Bridas,Brida soldar,Acero galvanizado,80,3,PN10/PN16,B,3.5,kg,,,"BRIDA SOLDAR ACERO GALV. B DE/DN 80 mm (3"") DIN 2576 PN10/PN16"
03-02-003-000-100,Bridas,Brida soldar,Acero galvanizado,100,4,PN10/PN16,B,4.3,kg,36097.0,Hidrocentro Paicavi,"BRIDA SOLDAR ACERO GALV. B DE/DN 100 mm (4"") DIN 2576 PN10/PN16"
03-02-003-000-100,Bridas,Brida soldar,Acero galvanizado,100,4,PN10/PN16,B,4.3,kg,23700.0,Hidrocentro Paicavi,"BRIDA SOLDAR ACERO GALV. B DE/DN 100 mm (4"") DIN 2576 PN10/PN16"
03-01-004-000-050,Bridas,Brida con hilo BSP,Acero carbono,50,1 1/2,PN10/PN16,B,3.0,kg,,,"BRIDA CON HILO BSP ACERO CARB. B DE/DN 50 mm (1 1/2"") DIN 2576 PN10/PN16"
03-01-004-000-080,Bridas,Brida con hilo BSP,Acero carbono,80,3,PN10/PN16,B,3.5,kg,,,"BRIDA CON HILO BSP ACERO CARB. B DE/DN 80 mm (3"") DIN 2576 PN10/PN16"
03-01-004-000-100,Bridas,Brida con hilo BSP,Acero carbono,100,4,PN10/PN16,B,4.3,kg,,,"BRIDA CON HILO BSP ACERO CARB. B DE/DN 100 mm (4"") DIN 2576 PN10/PN16"
03-02-004-000-050,Bridas,Brida con hilo BSP,Acero galvanizado,50,1 1/2,PN10/PN16,B,3.0,kg,,,"BRIDA CON HILO BSP ACERO GALV. B DE/DN 50 mm (1 1/2"") DIN 2576 PN10/PN16"
03-02-004-000-080,Bridas,Brida con hilo BSP,Acero galvanizado,80,3,PN10/PN16,B,3.5,kg,,,"BRIDA CON HILO BSP ACERO GALV. B DE/DN 80 mm (3"") DIN 2576 PN10/PN16"
03-02-004-000-100,Bridas,Brida con hilo BSP,Acero galvanizado,100,4,PN10/PN16,B,4.3,kg,,,"BRIDA CON HILO BSP ACERO GALV. B DE/DN 100 mm (4"") DIN 2576 PN10/PN16"
03-04-001-000-063,Bridas,Brida respaldo,Fierro ductil,63,2,PN10/PN16,B,2.0,kg,,,"BRIDA RESPALDO FD B DE/DN 63 mm (2"") Catalogo Dimetales PN10/PN16"
03-04-001-000-075,Bridas,Brida respaldo,Fierro ductil,75,2 1/2,PN10/PN16,B,2.5,kg,22400.0,Hidrocentro Collin,"BRIDA RESPALDO FD B DE/DN 75 mm (2 1/2"") Catalogo Dimetales PN10/PN16"
03-04-001-000-090,Bridas,Brida respaldo,Fierro ductil,90,3,PN10/PN16,B,2.86,kg,,,"BRIDA RESPALDO FD B DE/DN 90 mm (3"") Catalogo Dimetales PN10/PN16"
03-04-001-000-110,Bridas,Brida respaldo,Fierro ductil,110,4,PN10/PN16,B,3.27,kg,,,"BRIDA RESPALDO FD B DE/DN 110 mm (4"") Catalogo Dimetales PN10/PN16"
03-04-001-000-160,Bridas,Brida respaldo,Fierro ductil,160,6,PN10/PN16,B,5.07,kg,,,"BRIDA RESPALDO FD B DE/DN 160 mm (6"") Catalogo Dimetales PN10/PN16"
03-04-001-000-200,Bridas,Brida respaldo,Fierro ductil,200,8,PN10/PN16,B,7.67,kg,47140.0,Hidrocentro Collin,"BRIDA RESPALDO FD B DE/DN 200 mm (8"") Catalogo Dimetales PN10/PN16"
03-04-001-000-355,Bridas,Brida respaldo,Fierro ductil,355,14,PN10/PN16,B,19.0,kg,,,"BRIDA RESPALDO FD B DE/DN 355 mm (14"") Catalogo Dimetales PN10/PN16"
02-04-999-000-600-01,Fittings,Anillo tapa sendo,Fierro ductil,600,24,PN10/PN16,TAPA,45.0,kg,,,"ANILLO TAPA SENDO FD TAPA DE/DN 600 mm (24"") PN10/PN16"
02-04-999-000-600-02,Fittings,Tapa sendo,Fierro ductil,600,24,PN10/PN16,TAPA,13.0,kg,,,"TAPA SENDO FD TAPA DE/DN 600 mm (24"") PN10/PN16"
02-04-999-000-600-03,Fittings,Anillo tapa sendo vereda,Fierro ductil,600,24,PN10/PN16,TAPA,43.0,kg,,,"ANILLO TAPA SENDO VEREDA FD TAPA DE/DN 600 mm (24"") PN10/PN16"
02-04-999-000-600-04,Fittings,Tapa sendo vereda,Fierro ductil,600,24,PN10/PN16,TAPA,10.0,kg,,,"TAPA SENDO VEREDA FD TAPA DE/DN 600 mm (24"") PN10/PN16"
02-04-999-000-600-05,Fittings,Tapa sendo 4 medias canas,Fierro ductil,600,24,PN10/PN16,TAPA,15.0,kg,,,"TAPA SENDO 4 MEDIAS CANAS FD TAPA DE/DN 600 mm (24"") PN10/PN16"
02-04-999-000-600-06,Fittings,Tapa NCh2080 D400 AP,Fierro ductil,600,24,PN10/PN16,TAPA,55.0,kg,,,"TAPA NCH2080 D400 AP FD TAPA DE/DN 600 mm (24"") PN10/PN16"
02-04-999-000-600-07,Fittings,Tapa NCh2080 D400 ALC,Fierro ductil,600,24,PN10/PN16,TAPA,55.0,kg,,,"TAPA NCH2080 D400 ALC FD TAPA DE/DN 600 mm (24"") PN10/PN16"
02-04-999-000-600-08,Fittings,Tapa NCh2080 C250 AP,Fierro ductil,600,24,PN10/PN16,TAPA,50.0,kg,,,"TAPA NCH2080 C250 AP FD TAPA DE/DN 600 mm (24"") PN10/PN16"
02-04-999-000-600-09,Fittings,Tapa NCh2080 C250 ALC,Fierro ductil,600,24,PN10/PN16,TAPA,50.0,kg,,,"TAPA NCH2080 C250 ALC FD TAPA DE/DN 600 mm (24"") PN10/PN16"
02-03-006-000-016,Fittings,Copla,HDPE,16,5/8,PN10/PN16,EF,0.057,kg,,,"COPLA HDPE EF DE/DN 16 mm (5/8"") PN10/PN16"
02-03-006-000-020,Fittings,Copla,HDPE,20,1/2,PN10/PN16,EF,0.048,kg,1988.0,WEB,"COPLA HDPE EF DE/DN 20 mm (1/2"") PN10/PN16"
02-03-006-000-025,Fittings,Copla,HDPE,25,3/4,PN10/PN16,EF,0.038,kg,2097.0,WEB,"COPLA HDPE EF DE/DN 25 mm (3/4"") PN10/PN16"
02-03-006-000-032,Fittings,Copla,HDPE,32,1,PN10/PN16,EF,0.06,kg,2118.0,WEB,"COPLA HDPE EF DE/DN 32 mm (1"") PN10/PN16"
02-03-006-000-040,Fittings,Copla,HDPE,40,1 1/4,PN10/PN16,EF,0.098,kg,2856.0,WEB,"COPLA HDPE EF DE/DN 40 mm (1 1/4"") PN10/PN16"
02-03-006-000-050,Fittings,Copla,HDPE,50,1 1/2,PN10/PN16,EF,0.15,kg,3152.0,WEB,"COPLA HDPE EF DE/DN 50 mm (1 1/2"") PN10/PN16"
02-03-006-000-063,Fittings,Copla,HDPE,63,2,PN10/PN16,EF,0.23,kg,4271.0,WEB,"COPLA HDPE EF DE/DN 63 mm (2"") PN10/PN16"
02-03-006-000-075,Fittings,Copla,HDPE,75,2 1/2,PN10/PN16,EF,0.344,kg,6204.0,WEB,"COPLA HDPE EF DE/DN 75 mm (2 1/2"") PN10/PN16"
02-03-006-000-090,Fittings,Copla,HDPE,90,3,PN10/PN16,EF,0.567,kg,5020.0,COTIZACION,"COPLA HDPE EF DE/DN 90 mm (3"") PN10/PN16"
02-03-006-000-110,Fittings,Copla,HDPE,110,4,PN10/PN16,EF,0.807,kg,9919.0,WEB,"COPLA HDPE EF DE/DN 110 mm (4"") PN10/PN16"
02-03-006-000-125,Fittings,Copla,HDPE,125,5,PN10/PN16,EF,1.004,kg,18251.0,COTIZACION,"COPLA HDPE EF DE/DN 125 mm (5"") PN10/PN16"
02-03-006-000-140,Fittings,Copla,HDPE,140,5 1/2,PN10/PN16,EF,1.339,kg,17555.0,WEB,"COPLA HDPE EF DE/DN 140 mm (5 1/2"") PN10/PN16"
02-03-006-000-160,Fittings,Copla,HDPE,160,6,PN10/PN16,EF,1.822,kg,19691.0,WEB,"COPLA HDPE EF DE/DN 160 mm (6"") PN10/PN16"
02-03-006-000-180,Fittings,Copla,HDPE,180,7,PN10/PN16,EF,2.553,kg,25072.0,WEB,"COPLA HDPE EF DE/DN 180 mm (7"") PN10/PN16"
02-03-006-000-200,Fittings,Copla,HDPE,200,8,PN10/PN16,EF,3.26,kg,30118.0,WEB,"COPLA HDPE EF DE/DN 200 mm (8"") PN10/PN16"
02-03-006-000-225,Fittings,Copla,HDPE,225,9,PN10/PN16,EF,4.26,kg,40257.0,WEB,"COPLA HDPE EF DE/DN 225 mm (9"") PN10/PN16"
02-03-006-000-250,Fittings,Copla,HDPE,250,10,PN10/PN16,EF,5.52,kg,57445.0,WEB,"COPLA HDPE EF DE/DN 250 mm (10"") PN10/PN16"
02-03-006-000-280,Fittings,Copla,HDPE,280,11,PN10/PN16,EF,6.14,kg,68765.0,WEB,"COPLA HDPE EF DE/DN 280 mm (11"") PN10/PN16"
02-03-006-000-315,Fittings,Copla,HDPE,315,12,PN10/PN16,EF,8.72,kg,91962.0,WEB,"COPLA HDPE EF DE/DN 315 mm (12"") PN10/PN16"
02-03-006-000-355,Fittings,Copla,HDPE,355,14,PN10/PN16,EF,10.384,kg,133301.0,WEB,"COPLA HDPE EF DE/DN 355 mm (14"") PN10/PN16"
02-03-006-000-400,Fittings,Copla,HDPE,400,16,PN10/PN16,EF,13.866,kg,183462.0,WEB,"COPLA HDPE EF DE/DN 400 mm (16"") PN10/PN16"
02-03-006-000-450,Fittings,Copla,HDPE,450,18,PN10/PN16,EF,15.8,kg,381782.0,WEB,"COPLA HDPE EF DE/DN 450 mm (18"") PN10/PN16"
02-03-006-000-500,Fittings,Copla,HDPE,500,20,PN10/PN16,EF,20.0,kg,386745.0,WEB,"COPLA HDPE EF DE/DN 500 mm (20"") PN10/PN16"
02-03-006-000-560,Fittings,Copla,HDPE,560,22,PN10/PN16,EF,28.0,kg,,,"COPLA HDPE EF DE/DN 560 mm (22"") PN10/PN16"
02-03-006-000-630,Fittings,Copla,HDPE,630,24,PN10/PN16,EF,39.2,kg,,,"COPLA HDPE EF DE/DN 630 mm (24"") PN10/PN16"
02-03-006-000-710,Fittings,Copla,HDPE,710,28,PN10/PN16,EF,55.7,kg,,,"COPLA HDPE EF DE/DN 710 mm (28"") PN10/PN16"
02-03-015-000-090,Fittings,Copla Largo,HDPE,90,3,PN10/PN16,EF,0.567,kg,7724.0,Koalition,"COPLA LARGO HDPE EF DE/DN 90 mm (3"") PN10/PN16"
02-03-015-000-110,Fittings,Copla Largo,HDPE,110,4,PN10/PN16,EF,0.843,kg,10713.0,Koalition,"COPLA LARGO HDPE EF DE/DN 110 mm (4"") PN10/PN16"
02-03-015-000-125,Fittings,Copla Largo,HDPE,125,5,PN10/PN16,EF,1.075,kg,17007.0,Koalition,"COPLA LARGO HDPE EF DE/DN 125 mm (5"") PN10/PN16"
02-03-015-000-140,Fittings,Copla Largo,HDPE,140,5 1/2,PN10/PN16,EF,1.339,kg,,,"COPLA LARGO HDPE EF DE/DN 140 mm (5 1/2"") PN10/PN16"
02-03-015-000-160,Fittings,Copla Largo,HDPE,160,6,PN10/PN16,EF,1.822,kg,18957.0,Koalition,"COPLA LARGO HDPE EF DE/DN 160 mm (6"") PN10/PN16"
02-03-015-000-180,Fittings,Copla Largo,HDPE,180,7,PN10/PN16,EF,2.449,kg,29436.0,Koalition,"COPLA LARGO HDPE EF DE/DN 180 mm (7"") PN10/PN16"
02-03-015-000-200,Fittings,Copla Largo,HDPE,200,8,PN10/PN16,EF,3.295,kg,29723.0,Koalition,"COPLA LARGO HDPE EF DE/DN 200 mm (8"") PN10/PN16"
02-03-015-000-225,Fittings,Copla Largo,HDPE,225,9,PN10/PN16,EF,4.366,kg,,,"COPLA LARGO HDPE EF DE/DN 225 mm (9"") PN10/PN16"
02-03-015-000-250,Fittings,Copla Largo,HDPE,250,10,PN10/PN16,EF,5.52,kg,45637.0,Koalition,"COPLA LARGO HDPE EF DE/DN 250 mm (10"") PN10/PN16"
02-03-006-025-032,Fittings,Copla,HDPE,32,1,PN25,EF,0.076,kg,2808.0,Koalition,"COPLA HDPE EF DE/DN 32 mm (1"") PN25"
02-03-006-025-040,Fittings,Copla,HDPE,40,1 1/4,PN25,EF,0.133,kg,3979.0,Koalition,"COPLA HDPE EF DE/DN 40 mm (1 1/4"") PN25"
02-03-006-025-050,Fittings,Copla,HDPE,50,1 1/2,PN25,EF,0.206,kg,3303.0,Koalition,"COPLA HDPE EF DE/DN 50 mm (1 1/2"") PN25"
02-03-006-025-063,Fittings,Copla,HDPE,63,2,PN25,EF,0.319,kg,4082.0,Koalition,"COPLA HDPE EF DE/DN 63 mm (2"") PN25"
02-03-016-010-040,Fittings,Copla LightFit,HDPE,40,1 1/4,PN10,EF,0.098,kg,3979.0,Koalition,"COPLA LIGHTFIT HDPE EF DE/DN 40 mm (1 1/4"") PN10"
02-03-016-010-063,Fittings,Copla LightFit,HDPE,63,2,PN10,EF,0.16,kg,4082.0,Koalition,"COPLA LIGHTFIT HDPE EF DE/DN 63 mm (2"") PN10"
02-03-016-010-075,Fittings,Copla LightFit,HDPE,75,2 1/2,PN10,EF,0.23,kg,6787.0,Koalition,"COPLA LIGHTFIT HDPE EF DE/DN 75 mm (2 1/2"") PN10"
02-03-016-010-090,Fittings,Copla LightFit,HDPE,90,3,PN10,EF,0.352,kg,7724.0,Koalition,"COPLA LIGHTFIT HDPE EF DE/DN 90 mm (3"") PN10"
02-03-016-010-110,Fittings,Copla LightFit,HDPE,110,4,PN10,EF,0.544,kg,10713.0,Koalition,"COPLA LIGHTFIT HDPE EF DE/DN 110 mm (4"") PN10"
02-03-016-010-125,Fittings,Copla LightFit,HDPE,125,5,PN10,EF,0.727,kg,17007.0,Koalition,"COPLA LIGHTFIT HDPE EF DE/DN 125 mm (5"") PN10"
02-03-016-010-140,Fittings,Copla LightFit,HDPE,140,5 1/2,PN10,EF,0.91,kg,,,"COPLA LIGHTFIT HDPE EF DE/DN 140 mm (5 1/2"") PN10"
02-03-016-010-160,Fittings,Copla LightFit,HDPE,160,6,PN10,EF,1.35,kg,18957.0,Koalition,"COPLA LIGHTFIT HDPE EF DE/DN 160 mm (6"") PN10"
02-03-016-010-180,Fittings,Copla LightFit,HDPE,180,7,PN10,EF,1.618,kg,29436.0,Koalition,"COPLA LIGHTFIT HDPE EF DE/DN 180 mm (7"") PN10"
02-03-016-010-200,Fittings,Copla LightFit,HDPE,200,8,PN10,EF,2.1,kg,29723.0,Koalition,"COPLA LIGHTFIT HDPE EF DE/DN 200 mm (8"") PN10"
02-03-016-010-225,Fittings,Copla LightFit,HDPE,225,9,PN10,EF,2.78,kg,,,"COPLA LIGHTFIT HDPE EF DE/DN 225 mm (9"") PN10"
02-03-016-010-250,Fittings,Copla LightFit,HDPE,250,10,PN10,EF,3.728,kg,45637.0,Koalition,"COPLA LIGHTFIT HDPE EF DE/DN 250 mm (10"") PN10"
02-03-016-010-280,Fittings,Copla LightFit,HDPE,280,11,PN10,EF,5.395,kg,,,"COPLA LIGHTFIT HDPE EF DE/DN 280 mm (11"") PN10"
02-03-016-010-315,Fittings,Copla LightFit,HDPE,315,12,PN10,EF,6.802,kg,74839.0,Koalition,"COPLA LIGHTFIT HDPE EF DE/DN 315 mm (12"") PN10"
02-03-016-010-355,Fittings,Copla LightFit,HDPE,355,14,PN10,EF,8.544,kg,,,"COPLA LIGHTFIT HDPE EF DE/DN 355 mm (14"") PN10"
02-03-016-010-400,Fittings,Copla LightFit,HDPE,400,16,PN10,EF,12.0,kg,,,"COPLA LIGHTFIT HDPE EF DE/DN 400 mm (16"") PN10"
02-03-016-010-450,Fittings,Copla LightFit,HDPE,450,18,PN10,EF,11.7,kg,,,"COPLA LIGHTFIT HDPE EF DE/DN 450 mm (18"") PN10"
02-03-016-010-500,Fittings,Copla LightFit,HDPE,500,20,PN10,EF,16.0,kg,,,"COPLA LIGHTFIT HDPE EF DE/DN 500 mm (20"") PN10"
02-03-016-010-560,Fittings,Copla LightFit,HDPE,560,22,PN10,EF,21.5,kg,,,"COPLA LIGHTFIT HDPE EF DE/DN 560 mm (22"") PN10"
02-03-016-010-630,Fittings,Copla LightFit,HDPE,630,24,PN10,EF,30.82,kg,,,"COPLA LIGHTFIT HDPE EF DE/DN 630 mm (24"") PN10"
02-03-016-010-710,Fittings,Copla LightFit,HDPE,710,28,PN10,EF,43.1,kg,,,"COPLA LIGHTFIT HDPE EF DE/DN 710 mm (28"") PN10"
02-03-003-000-020-016,Fittings,Reduccion,HDPE,20-16,1/2-5/8,PN10/PN16,EF,0.053,kg,,,"REDUCCION HDPE EF DE/DN 20-16 mm (1/2""-5/8"") PN10/PN16"
02-03-003-000-025-020,Fittings,Reduccion,HDPE,25-20,3/4-1/2,PN10/PN16,EF,0.064,kg,4943.0,WEB,"REDUCCION HDPE EF DE/DN 25-20 mm (3/4""-1/2"") PN10/PN16"
02-03-003-000-032-020,Fittings,Reduccion,HDPE,32-20,1-1/2,PN10/PN16,EF,0.055,kg,5029.0,WEB,"REDUCCION HDPE EF DE/DN 32-20 mm (1""-1/2"") PN10/PN16"
02-03-003-000-032-025,Fittings,Reduccion,HDPE,32-25,1-3/4,PN10/PN16,EF,0.055,kg,5057.0,WEB,"REDUCCION HDPE EF DE/DN 32-25 mm (1""-3/4"") PN10/PN16"
02-03-003-000-040-025,Fittings,Reduccion,HDPE,40-25,1 1/4-3/4,PN10/PN16,EF,0.093,kg,13469.0,RESCO,"REDUCCION HDPE EF DE/DN 40-25 mm (1 1/4""-3/4"") PN10/PN16"
02-03-003-000-040-032,Fittings,Reduccion,HDPE,40-32,1 1/4-1,PN10/PN16,EF,0.123,kg,6721.0,WEB,"REDUCCION HDPE EF DE/DN 40-32 mm (1 1/4""-1"") PN10/PN16"
02-03-003-000-050-025,Fittings,Reduccion,HDPE,50-25,1 1/2-3/4,PN10/PN16,EF,0.136,kg,,,"REDUCCION HDPE EF DE/DN 50-25 mm (1 1/2""-3/4"") PN10/PN16"
02-03-003-000-050-032,Fittings,Reduccion,HDPE,50-32,1 1/2-1,PN10/PN16,EF,0.225,kg,7261.0,WEB,"REDUCCION HDPE EF DE/DN 50-32 mm (1 1/2""-1"") PN10/PN16"
02-03-003-000-050-040,Fittings,Reduccion,HDPE,50-40,1 1/2-1 1/4,PN10/PN16,EF,0.192,kg,7452.0,WEB,"REDUCCION HDPE EF DE/DN 50-40 mm (1 1/2""-1 1/4"") PN10/PN16"
02-03-003-000-063-032,Fittings,Reduccion,HDPE,63-32,2-1,PN10/PN16,EF,0.225,kg,7516.0,WEB,"REDUCCION HDPE EF DE/DN 63-32 mm (2""-1"") PN10/PN16"
02-03-003-000-063-040,Fittings,Reduccion,HDPE,63-40,2-1 1/4,PN10/PN16,EF,0.31,kg,2268.0,Eurostandard,"REDUCCION HDPE EF DE/DN 63-40 mm (2""-1 1/4"") PN10/PN16"
02-03-003-000-063-050,Fittings,Reduccion,HDPE,63-50,2-1 1/2,PN10/PN16,EF,0.43,kg,2268.0,Eurostandard,"REDUCCION HDPE EF DE/DN 63-50 mm (2""-1 1/2"") PN10/PN16"
02-03-003-000-075-063,Fittings,Reduccion,HDPE,75-63,2 1/2-2,PN10/PN16,EF,0.44,kg,2646.0,Eurostandard,"REDUCCION HDPE EF DE/DN 75-63 mm (2 1/2""-2"") PN10/PN16"
02-03-003-000-090-050,Fittings,Reduccion,HDPE,90-50,3-1 1/2,PN10/PN16,EF,0.44,kg,3360.0,Eurostandard,"REDUCCION HDPE EF DE/DN 90-50 mm (3""-1 1/2"") PN10/PN16"
02-03-003-000-090-063,Fittings,Reduccion,HDPE,90-63,3-2,PN10/PN16,EF,0.486,kg,12607.0,WEB,"REDUCCION HDPE EF DE/DN 90-63 mm (3""-2"") PN10/PN16"
02-03-003-000-090-075,Fittings,Reduccion,HDPE,90-75,3-2 1/2,PN10/PN16,EF,0.627,kg,3360.0,Eurostandard,"REDUCCION HDPE EF DE/DN 90-75 mm (3""-2 1/2"") PN10/PN16"
02-03-003-000-110-063,Fittings,Reduccion,HDPE,110-63,4-2,PN10/PN16,EF,0.627,kg,5040.0,Eurostandard,"REDUCCION HDPE EF DE/DN 110-63 mm (4""-2"") PN10/PN16"
02-03-003-000-110-090,Fittings,Reduccion,HDPE,110-90,4-3,PN10/PN16,EF,0.695,kg,17635.0,WEB,"REDUCCION HDPE EF DE/DN 110-90 mm (4""-3"") PN10/PN16"
02-03-003-000-125-090,Fittings,Reduccion,HDPE,125-90,5-3,PN10/PN16,EF,1.019,kg,16136.0,COTIZACION,"REDUCCION HDPE EF DE/DN 125-90 mm (5""-3"") PN10/PN16"
02-03-003-000-125-110,Fittings,Reduccion,HDPE,125-110,5-4,PN10/PN16,EF,1.025,kg,49677.0,RESCO,"REDUCCION HDPE EF DE/DN 125-110 mm (5""-4"") PN10/PN16"
02-03-003-000-160-090,Fittings,Reduccion,HDPE,160-90,6-3,PN10/PN16,EF,1.44,kg,,,"REDUCCION HDPE EF DE/DN 160-90 mm (6""-3"") PN10/PN16"
02-03-003-000-160-110,Fittings,Reduccion,HDPE,160-110,6-4,PN10/PN16,EF,1.52,kg,29633.0,WEB,"REDUCCION HDPE EF DE/DN 160-110 mm (6""-4"") PN10/PN16"
02-03-003-000-160-125,Fittings,Reduccion,HDPE,160-125,6-5,PN10/PN16,EF,1.57,kg,,,"REDUCCION HDPE EF DE/DN 160-125 mm (6""-5"") PN10/PN16"
02-03-003-000-180-125,Fittings,Reduccion,HDPE,180-125,7-5,PN10/PN16,EF,2.06,kg,,,"REDUCCION HDPE EF DE/DN 180-125 mm (7""-5"") PN10/PN16"
02-03-017-016-032-025,Fittings,Reduccion Espiga,HDPE,32-25,1-3/4,PN16,EF,0.03,kg,,,"REDUCCION ESPIGA HDPE EF DE/DN 32-25 mm (1""-3/4"") PN16"
02-03-017-016-040-032,Fittings,Reduccion Espiga,HDPE,40-32,1 1/4-1,PN16,EF,0.047,kg,,,"REDUCCION ESPIGA HDPE EF DE/DN 40-32 mm (1 1/4""-1"") PN16"
02-03-017-016-050-040,Fittings,Reduccion Espiga,HDPE,50-40,1 1/2-1 1/4,PN16,EF,0.08,kg,,,"REDUCCION ESPIGA HDPE EF DE/DN 50-40 mm (1 1/2""-1 1/4"") PN16"
02-03-017-016-050-032,Fittings,Reduccion Espiga,HDPE,50-32,1 1/2-1,PN16,EF,0.055,kg,,,"REDUCCION ESPIGA HDPE EF DE/DN 50-32 mm (1 1/2""-1"") PN16"
02-03-017-016-063-032,Fittings,Reduccion Espiga,HDPE,63-32,2-1,PN16,EF,0.105,kg,2268.0,Eurostandard,"REDUCCION ESPIGA HDPE EF DE/DN 63-32 mm (2""-1"") PN16"
02-03-017-016-063-040,Fittings,Reduccion Espiga,HDPE,63-40,2-1 1/4,PN16,EF,0.11,kg,2268.0,Eurostandard,"REDUCCION ESPIGA HDPE EF DE/DN 63-40 mm (2""-1 1/4"") PN16"
02-03-017-016-063-050,Fittings,Reduccion Espiga,HDPE,63-50,2-1 1/2,PN16,EF,0.125,kg,2268.0,Eurostandard,"REDUCCION ESPIGA HDPE EF DE/DN 63-50 mm (2""-1 1/2"") PN16"
02-03-017-016-075-040,Fittings,Reduccion Espiga,HDPE,75-40,2 1/2-1 1/4,PN16,EF,0.167,kg,2646.0,Eurostandard,"REDUCCION ESPIGA HDPE EF DE/DN 75-40 mm (2 1/2""-1 1/4"") PN16"
02-03-017-016-075-050,Fittings,Reduccion Espiga,HDPE,75-50,2 1/2-1 1/2,PN16,EF,0.175,kg,2646.0,Eurostandard,"REDUCCION ESPIGA HDPE EF DE/DN 75-50 mm (2 1/2""-1 1/2"") PN16"
02-03-017-016-075-063,Fittings,Reduccion Espiga,HDPE,75-63,2 1/2-2,PN16,EF,0.195,kg,2646.0,Eurostandard,"REDUCCION ESPIGA HDPE EF DE/DN 75-63 mm (2 1/2""-2"") PN16"
02-03-017-016-090-050,Fittings,Reduccion Espiga,HDPE,90-50,3-1 1/2,PN16,EF,0.258,kg,3360.0,Eurostandard,"REDUCCION ESPIGA HDPE EF DE/DN 90-50 mm (3""-1 1/2"") PN16"
02-03-017-016-090-063,Fittings,Reduccion Espiga,HDPE,90-63,3-2,PN16,EF,0.275,kg,3360.0,Eurostandard,"REDUCCION ESPIGA HDPE EF DE/DN 90-63 mm (3""-2"") PN16"
02-03-017-016-090-075,Fittings,Reduccion Espiga,HDPE,90-75,3-2 1/2,PN16,EF,0.32,kg,3360.0,Eurostandard,"REDUCCION ESPIGA HDPE EF DE/DN 90-75 mm (3""-2 1/2"") PN16"
02-03-017-016-110-063,Fittings,Reduccion Espiga,HDPE,110-63,4-2,PN16,EF,0.455,kg,5040.0,Eurostandard,"REDUCCION ESPIGA HDPE EF DE/DN 110-63 mm (4""-2"") PN16"
02-03-017-016-110-075,Fittings,Reduccion Espiga,HDPE,110-75,4-2 1/2,PN16,EF,0.446,kg,5040.0,Eurostandard,"REDUCCION ESPIGA HDPE EF DE/DN 110-75 mm (4""-2 1/2"") PN16"
02-03-017-016-110-090,Fittings,Reduccion Espiga,HDPE,110-90,4-3,PN16,EF,0.505,kg,5040.0,Eurostandard,"REDUCCION ESPIGA HDPE EF DE/DN 110-90 mm (4""-3"") PN16"
02-03-017-016-125-090,Fittings,Reduccion Espiga,HDPE,125-90,5-3,PN16,EF,0.805,kg,,,"REDUCCION ESPIGA HDPE EF DE/DN 125-90 mm (5""-3"") PN16"
02-03-017-016-125-110,Fittings,Reduccion Espiga,HDPE,125-110,5-4,PN16,EF,0.8,kg,,,"REDUCCION ESPIGA HDPE EF DE/DN 125-110 mm (5""-4"") PN16"
02-03-017-016-140-090,Fittings,Reduccion Espiga,HDPE,140-90,5 1/2-3,PN16,EF,0.815,kg,,,"REDUCCION ESPIGA HDPE EF DE/DN 140-90 mm (5 1/2""-3"") PN16"
02-03-017-016-140-110,Fittings,Reduccion Espiga,HDPE,140-110,5 1/2-4,PN16,EF,0.935,kg,,,"REDUCCION ESPIGA HDPE EF DE/DN 140-110 mm (5 1/2""-4"") PN16"
02-03-017-016-140-125,Fittings,Reduccion Espiga,HDPE,140-125,5 1/2-5,PN16,EF,1.0,kg,,,"REDUCCION ESPIGA HDPE EF DE/DN 140-125 mm (5 1/2""-5"") PN16"
02-03-017-016-160-110,Fittings,Reduccion Espiga,HDPE,160-110,6-4,PN16,EF,1.145,kg,,,"REDUCCION ESPIGA HDPE EF DE/DN 160-110 mm (6""-4"") PN16"
02-03-017-016-160-125,Fittings,Reduccion Espiga,HDPE,160-125,6-5,PN16,EF,1.21,kg,,,"REDUCCION ESPIGA HDPE EF DE/DN 160-125 mm (6""-5"") PN16"
02-03-017-016-160-140,Fittings,Reduccion Espiga,HDPE,160-140,6-5 1/2,PN16,EF,1.24,kg,,,"REDUCCION ESPIGA HDPE EF DE/DN 160-140 mm (6""-5 1/2"") PN16"
02-03-017-016-180-125,Fittings,Reduccion Espiga,HDPE,180-125,7-5,PN16,EF,1.422,kg,,,"REDUCCION ESPIGA HDPE EF DE/DN 180-125 mm (7""-5"") PN16"
02-03-017-016-180-140,Fittings,Reduccion Espiga,HDPE,180-140,7-5 1/2,PN16,EF,1.6,kg,,,"REDUCCION ESPIGA HDPE EF DE/DN 180-140 mm (7""-5 1/2"") PN16"
02-03-017-016-180-160,Fittings,Reduccion Espiga,HDPE,180-160,7-6,PN16,EF,1.756,kg,,,"REDUCCION ESPIGA HDPE EF DE/DN 180-160 mm (7""-6"") PN16"
02-03-017-016-200-140,Fittings,Reduccion Espiga,HDPE,200-140,8-5 1/2,PN16,EF,2.002,kg,,,"REDUCCION ESPIGA HDPE EF DE/DN 200-140 mm (8""-5 1/2"") PN16"
02-03-017-016-200-160,Fittings,Reduccion Espiga,HDPE,200-160,8-6,PN16,EF,2.16,kg,,,"REDUCCION ESPIGA HDPE EF DE/DN 200-160 mm (8""-6"") PN16"
02-03-017-016-200-180,Fittings,Reduccion Espiga,HDPE,200-180,8-7,PN16,EF,2.33,kg,,,"REDUCCION ESPIGA HDPE EF DE/DN 200-180 mm (8""-7"") PN16"
02-03-004-000-020-020-020,Fittings,Tee igual,HDPE,20,1/2-1/2-1/2,PN10/PN16,EF,0.063,kg,7902.0,WEB,"TEE IGUAL HDPE EF DE/DN 20-20-20 mm (1/2""-1/2""-1/2"") PN10/PN16"
02-03-004-000-025-025-025,Fittings,Tee igual,HDPE,25,3/4-3/4-3/4,PN10/PN16,EF,0.113,kg,8683.0,WEB,"TEE IGUAL HDPE EF DE/DN 25-25-25 mm (3/4""-3/4""-3/4"") PN10/PN16"
02-03-004-000-032-032-032,Fittings,Tee igual,HDPE,32,1-1-1,PN10/PN16,EF,0.099,kg,10004.0,WEB,"TEE IGUAL HDPE EF DE/DN 32-32-32 mm (1""-1""-1"") PN10/PN16"
02-03-004-000-040-040-040,Fittings,Tee igual,HDPE,40,1 1/4-1 1/4-1 1/4,PN10/PN16,EF,0.176,kg,10695.0,WEB,"TEE IGUAL HDPE EF DE/DN 40-40-40 mm (1 1/4""-1 1/4""-1 1/4"") PN10/PN16"
02-03-004-000-050-050-050,Fittings,Tee igual,HDPE,50,1 1/2-1 1/2-1 1/2,PN10/PN16,EF,0.27,kg,14007.0,WEB,"TEE IGUAL HDPE EF DE/DN 50-50-50 mm (1 1/2""-1 1/2""-1 1/2"") PN10/PN16"
02-03-004-000-063-063-063,Fittings,Tee igual,HDPE,63,2-2-2,PN10/PN16,EF,0.434,kg,6792.0,COTIZACION,"TEE IGUAL HDPE EF DE/DN 63-63-63 mm (2""-2""-2"") PN10/PN16"
02-03-004-000-075-075-075,Fittings,Tee igual,HDPE,75,2 1/2-2 1/2-2 1/2,PN10/PN16,EF,0.63,kg,20956.0,WEB,"TEE IGUAL HDPE EF DE/DN 75-75-75 mm (2 1/2""-2 1/2""-2 1/2"") PN10/PN16"
02-03-004-000-090-090-090,Fittings,Tee igual,HDPE,90,3-3-3,PN10/PN16,EF,1.09,kg,13095.0,COTIZACION,"TEE IGUAL HDPE EF DE/DN 90-90-90 mm (3""-3""-3"") PN10/PN16"
02-03-004-000-110-110-110,Fittings,Tee igual,HDPE,110,4-4-4,PN10/PN16,EF,1.965,kg,34651.0,WEB,"TEE IGUAL HDPE EF DE/DN 110-110-110 mm (4""-4""-4"") PN10/PN16"
02-03-004-000-125-125-125,Fittings,Tee igual,HDPE,125,5-5-5,PN10/PN16,EF,2.95,kg,51357.0,WEB,"TEE IGUAL HDPE EF DE/DN 125-125-125 mm (5""-5""-5"") PN10/PN16"
02-03-004-000-160-160-160,Fittings,Tee igual,HDPE,160,6-6-6,PN10/PN16,EF,4.7,kg,82564.0,WEB,"TEE IGUAL HDPE EF DE/DN 160-160-160 mm (6""-6""-6"") PN10/PN16"
02-03-004-000-180-180-180,Fittings,Tee igual,HDPE,180,7-7-7,PN10/PN16,EF,7.24,kg,106976.0,WEB,"TEE IGUAL HDPE EF DE/DN 180-180-180 mm (7""-7""-7"") PN10/PN16"
02-03-004-000-200-200-200,Fittings,Tee igual,HDPE,200,8-8-8,PN10/PN16,EF,8.8,kg,78578.0,Koalition,"TEE IGUAL HDPE EF DE/DN 200-200-200 mm (8""-8""-8"") PN10/PN16"
02-03-004-000-225-225-225,Fittings,Tee igual,HDPE,225,9-9-9,PN10/PN16,EF,12.2,kg,,,"TEE IGUAL HDPE EF DE/DN 225-225-225 mm (9""-9""-9"") PN10/PN16"
02-03-004-000-250-250-250,Fittings,Tee igual,HDPE,250,10-10-10,PN10/PN16,EF,16.6,kg,151866.0,Koalition,"TEE IGUAL HDPE EF DE/DN 250-250-250 mm (10""-10""-10"") PN10/PN16"
02-03-005-000-025-020-025,Fittings,Tee reduccion,HDPE,25-20-25,3/4-1/2-3/4,PN10/PN16,EF,0.107,kg,,,"TEE RED. HDPE EF DE/DN 25-20-25 mm (3/4""-1/2""-3/4"") PN10/PN16"
02-03-005-000-025-032-025,Fittings,Tee reduccion,HDPE,25-32-25,3/4-1-3/4,PN10/PN16,EF,0.115,kg,,,"TEE RED. HDPE EF DE/DN 25-32-25 mm (3/4""-1""-3/4"") PN10/PN16"
02-03-005-000-032-020-032,Fittings,Tee reduccion,HDPE,32-20-32,1-1/2-1,PN10/PN16,EF,0.09,kg,7010.0,WEB,"TEE RED. HDPE EF DE/DN 32-20-32 mm (1""-1/2""-1"") PN10/PN16"
02-03-005-000-032-025-032,Fittings,Tee reduccion,HDPE,32-25-32,1-3/4-1,PN10/PN16,EF,0.099,kg,7030.0,WEB,"TEE RED. HDPE EF DE/DN 32-25-32 mm (1""-3/4""-1"") PN10/PN16"
02-03-005-000-040-020-040,Fittings,Tee reduccion,HDPE,40-20-40,1 1/4-1/2-1 1/4,PN10/PN16,EF,0.16,kg,7554.0,WEB,"TEE RED. HDPE EF DE/DN 40-20-40 mm (1 1/4""-1/2""-1 1/4"") PN10/PN16"
02-03-005-000-040-025-040,Fittings,Tee reduccion,HDPE,40-25-40,1 1/4-3/4-1 1/4,PN10/PN16,EF,0.17,kg,7635.0,WEB,"TEE RED. HDPE EF DE/DN 40-25-40 mm (1 1/4""-3/4""-1 1/4"") PN10/PN16"
02-03-005-000-040-032-040,Fittings,Tee reduccion,HDPE,40-32-40,1 1/4-1-1 1/4,PN10/PN16,EF,0.18,kg,7567.0,WEB,"TEE RED. HDPE EF DE/DN 40-32-40 mm (1 1/4""-1""-1 1/4"") PN10/PN16"
02-03-005-000-050-020-050,Fittings,Tee reduccion,HDPE,50-20-50,1 1/2-1/2-1 1/2,PN10/PN16,EF,0.24,kg,9450.0,Eurostandard,"TEE RED. HDPE EF DE/DN 50-20-50 mm (1 1/2""-1/2""-1 1/2"") PN10/PN16"
02-03-005-000-050-025-050,Fittings,Tee reduccion,HDPE,50-25-50,1 1/2-3/4-1 1/2,PN10/PN16,EF,0.245,kg,9829.0,WEB,"TEE RED. HDPE EF DE/DN 50-25-50 mm (1 1/2""-3/4""-1 1/2"") PN10/PN16"
02-03-005-000-050-032-050,Fittings,Tee reduccion,HDPE,50-32-50,1 1/2-1-1 1/2,PN10/PN16,EF,0.25,kg,10063.0,WEB,"TEE RED. HDPE EF DE/DN 50-32-50 mm (1 1/2""-1""-1 1/2"") PN10/PN16"
02-03-005-000-050-040-050,Fittings,Tee reduccion,HDPE,50-40-50,1 1/2-1 1/4-1 1/2,PN10/PN16,EF,0.26,kg,10125.0,WEB,"TEE RED. HDPE EF DE/DN 50-40-50 mm (1 1/2""-1 1/4""-1 1/2"") PN10/PN16"
02-03-005-000-063-020-063,Fittings,Tee reduccion,HDPE,63-20-63,2-1/2-2,PN10/PN16,EF,0.365,kg,10940.0,WEB,"TEE RED. HDPE EF DE/DN 63-20-63 mm (2""-1/2""-2"") PN10/PN16"
02-03-005-000-063-032-063,Fittings,Tee reduccion,HDPE,63-32-63,2-1-2,PN10/PN16,EF,0.37,kg,11284.0,WEB,"TEE RED. HDPE EF DE/DN 63-32-63 mm (2""-1""-2"") PN10/PN16"
02-03-005-000-063-040-063,Fittings,Tee reduccion,HDPE,63-40-63,2-1 1/4-2,PN10/PN16,EF,0.384,kg,11406.0,WEB,"TEE RED. HDPE EF DE/DN 63-40-63 mm (2""-1 1/4""-2"") PN10/PN16"
02-03-005-000-063-050-063,Fittings,Tee reduccion,HDPE,63-50-63,2-1 1/2-2,PN10/PN16,EF,0.4,kg,11453.0,WEB,"TEE RED. HDPE EF DE/DN 63-50-63 mm (2""-1 1/2""-2"") PN10/PN16"
02-03-005-000-075-063-075,Fittings,Tee reduccion,HDPE,75-63-75,2 1/2-2-2 1/2,PN10/PN16,EF,0.596,kg,15146.0,WEB,"TEE RED. HDPE EF DE/DN 75-63-75 mm (2 1/2""-2""-2 1/2"") PN10/PN16"
02-03-005-000-090-063-090,Fittings,Tee reduccion,HDPE,90-63-90,3-2-3,PN10/PN16,EF,1.05,kg,24307.0,COTIZACION,"TEE RED. HDPE EF DE/DN 90-63-90 mm (3""-2""-3"") PN10/PN16"
02-03-005-000-110-063-110,Fittings,Tee reduccion,HDPE,110-63-110,4-2-4,PN10/PN16,EF,1.705,kg,16380.0,Eurostandard,"TEE RED. HDPE EF DE/DN 110-63-110 mm (4""-2""-4"") PN10/PN16"
02-03-005-000-110-090-110,Fittings,Tee reduccion,HDPE,110-90-110,4-3-4,PN10/PN16,EF,1.805,kg,16380.0,Eurostandard,"TEE RED. HDPE EF DE/DN 110-90-110 mm (4""-3""-4"") PN10/PN16"
02-03-005-000-125-090-125,Fittings,Tee reduccion,HDPE,125-90-125,5-3-5,PN10/PN16,EF,2.805,kg,,,"TEE RED. HDPE EF DE/DN 125-90-125 mm (5""-3""-5"") PN10/PN16"
02-03-005-000-125-110-125,Fittings,Tee reduccion,HDPE,125-110-125,5-4-5,PN10/PN16,EF,2.859,kg,,,"TEE RED. HDPE EF DE/DN 125-110-125 mm (5""-4""-5"") PN10/PN16"
02-03-005-000-160-090-160,Fittings,Tee reduccion,HDPE,160-90-160,6-3-6,PN10/PN16,EF,4.45,kg,,,"TEE RED. HDPE EF DE/DN 160-90-160 mm (6""-3""-6"") PN10/PN16"
02-03-005-000-160-110-160,Fittings,Tee reduccion,HDPE,160-110-160,6-4-6,PN10/PN16,EF,4.45,kg,,,"TEE RED. HDPE EF DE/DN 160-110-160 mm (6""-4""-6"") PN10/PN16"
02-03-005-000-160-125-160,Fittings,Tee reduccion,HDPE,160-125-160,6-5-6,PN10/PN16,EF,4.47,kg,,,"TEE RED. HDPE EF DE/DN 160-125-160 mm (6""-5""-6"") PN10/PN16"
02-03-005-000-180-090-180,Fittings,Tee reduccion,HDPE,180-90-180,7-3-7,PN10/PN16,EF,6.09,kg,,,"TEE RED. HDPE EF DE/DN 180-90-180 mm (7""-3""-7"") PN10/PN16"
02-03-005-000-180-110-180,Fittings,Tee reduccion,HDPE,180-110-180,7-4-7,PN10/PN16,EF,6.27,kg,,,"TEE RED. HDPE EF DE/DN 180-110-180 mm (7""-4""-7"") PN10/PN16"
02-03-005-000-180-125-180,Fittings,Tee reduccion,HDPE,180-125-180,7-5-7,PN10/PN16,EF,6.41,kg,,,"TEE RED. HDPE EF DE/DN 180-125-180 mm (7""-5""-7"") PN10/PN16"
02-03-005-000-180-140-180,Fittings,Tee reduccion,HDPE,180-140-180,7-5 1/2-7,PN10/PN16,EF,6.61,kg,,,"TEE RED. HDPE EF DE/DN 180-140-180 mm (7""-5 1/2""-7"") PN10/PN16"
02-03-005-000-180-160-180,Fittings,Tee reduccion,HDPE,180-160-180,7-6-7,PN10/PN16,EF,6.95,kg,,,"TEE RED. HDPE EF DE/DN 180-160-180 mm (7""-6""-7"") PN10/PN16"
02-03-005-000-200-090-200,Fittings,Tee reduccion,HDPE,200-90-200,8-3-8,PN10/PN16,EF,7.1,kg,,,"TEE RED. HDPE EF DE/DN 200-90-200 mm (8""-3""-8"") PN10/PN16"
02-03-005-000-200-110-200,Fittings,Tee reduccion,HDPE,200-110-200,8-4-8,PN10/PN16,EF,7.3,kg,,,"TEE RED. HDPE EF DE/DN 200-110-200 mm (8""-4""-8"") PN10/PN16"
02-03-005-000-225-090-225,Fittings,Tee reduccion,HDPE,225-90-225,9-3-9,PN10/PN16,EF,9.9,kg,,,"TEE RED. HDPE EF DE/DN 225-90-225 mm (9""-3""-9"") PN10/PN16"
02-03-005-000-225-110-225,Fittings,Tee reduccion,HDPE,225-110-225,9-4-9,PN10/PN16,EF,1.0,kg,,,"TEE RED. HDPE EF DE/DN 225-110-225 mm (9""-4""-9"") PN10/PN16"
02-03-005-000-250-090-250,Fittings,Tee reduccion,HDPE,250-90-250,10-3-10,PN10/PN16,EF,13.4,kg,,,"TEE RED. HDPE EF DE/DN 250-90-250 mm (10""-3""-10"") PN10/PN16"
02-03-005-000-250-110-250,Fittings,Tee reduccion,HDPE,250-110-250,10-4-10,PN10/PN16,EF,13.5,kg,,,"TEE RED. HDPE EF DE/DN 250-110-250 mm (10""-4""-10"") PN10/PN16"
02-03-002-000-020,Fittings,Codo 90°,HDPE,20,1/2,PN10/PN16,EF,0.064,kg,6899.0,WEB,"CODO 90° HDPE EF DE/DN 20 mm (1/2"") PN10/PN16"
02-03-002-000-025,Fittings,Codo 90°,HDPE,25,3/4,PN10/PN16,EF,0.052,kg,7072.0,WEB,"CODO 90° HDPE EF DE/DN 25 mm (3/4"") PN10/PN16"
02-03-002-000-032,Fittings,Codo 90°,HDPE,32,1,PN10/PN16,EF,0.09,kg,7693.0,WEB,"CODO 90° HDPE EF DE/DN 32 mm (1"") PN10/PN16"
02-03-002-000-040,Fittings,Codo 90°,HDPE,40,1 1/4,PN10/PN16,EF,0.145,kg,8318.0,WEB,"CODO 90° HDPE EF DE/DN 40 mm (1 1/4"") PN10/PN16"
02-03-002-000-050,Fittings,Codo 90°,HDPE,50,1 1/2,PN10/PN16,EF,0.221,kg,9729.0,WEB,"CODO 90° HDPE EF DE/DN 50 mm (1 1/2"") PN10/PN16"
02-03-002-000-063,Fittings,Codo 90°,HDPE,63,2,PN10/PN16,EF,0.333,kg,10929.0,WEB,"CODO 90° HDPE EF DE/DN 63 mm (2"") PN10/PN16"
02-03-002-000-075,Fittings,Codo 90°,HDPE,75,2 1/2,PN10/PN16,EF,0.53,kg,13269.0,WEB,"CODO 90° HDPE EF DE/DN 75 mm (2 1/2"") PN10/PN16"
02-03-002-000-090,Fittings,Codo 90°,HDPE,90,3,PN10/PN16,EF,0.875,kg,12757.0,COTIZACION,"CODO 90° HDPE EF DE/DN 90 mm (3"") PN10/PN16"
02-03-002-000-110,Fittings,Codo 90°,HDPE,110,4,PN10/PN16,EF,1.519,kg,22392.0,WEB,"CODO 90° HDPE EF DE/DN 110 mm (4"") PN10/PN16"
02-03-002-000-125,Fittings,Codo 90°,HDPE,125,5,PN10/PN16,EF,2.36,kg,17498.0,COTIZACION,"CODO 90° HDPE EF DE/DN 125 mm (5"") PN10/PN16"
02-03-002-000-140,Fittings,Codo 90°,HDPE,140,5 1/2,PN10/PN16,EF,2.974,kg,33192.0,WEB,"CODO 90° HDPE EF DE/DN 140 mm (5 1/2"") PN10/PN16"
02-03-002-000-160,Fittings,Codo 90°,HDPE,160,6,PN10/PN16,EF,3.91,kg,45533.0,WEB,"CODO 90° HDPE EF DE/DN 160 mm (6"") PN10/PN16"
02-03-002-000-180,Fittings,Codo 90°,HDPE,180,7,PN10/PN16,EF,7.76,kg,56812.0,WEB,"CODO 90° HDPE EF DE/DN 180 mm (7"") PN10/PN16"
02-03-002-000-200,Fittings,Codo 90°,HDPE,200,8,PN10/PN16,EF,7.15,kg,96180.0,WEB,"CODO 90° HDPE EF DE/DN 200 mm (8"") PN10/PN16"
02-03-002-000-225,Fittings,Codo 90°,HDPE,225,9,PN10/PN16,EF,9.9,kg,125955.0,WEB,"CODO 90° HDPE EF DE/DN 225 mm (9"") PN10/PN16"
02-03-002-000-250,Fittings,Codo 90°,HDPE,250,10,PN10/PN16,EF,13.5,kg,133679.0,WEB,"CODO 90° HDPE EF DE/DN 250 mm (10"") PN10/PN16"
02-03-009-000-090,Fittings,Codo 22.5°,HDPE,90,3,PN10/PN16,EF,0.665,kg,6987.0,Eurostandard,"CODO 22.5° HDPE EF DE/DN 90 mm (3"") PN10/PN16"
02-03-009-000-110,Fittings,Codo 22.5°,HDPE,110,4,PN10/PN16,EF,1.16,kg,10546.0,Eurostandard,"CODO 22.5° HDPE EF DE/DN 110 mm (4"") PN10/PN16"
02-03-009-000-125,Fittings,Codo 22.5°,HDPE,125,5,PN10/PN16,EF,1.86,kg,,,"CODO 22.5° HDPE EF DE/DN 125 mm (5"") PN10/PN16"
02-03-009-000-160,Fittings,Codo 22.5°,HDPE,160,6,PN10/PN16,EF,2.96,kg,,,"CODO 22.5° HDPE EF DE/DN 160 mm (6"") PN10/PN16"
02-03-009-000-180,Fittings,Codo 22.5°,HDPE,180,7,PN10/PN16,EF,5.37,kg,,,"CODO 22.5° HDPE EF DE/DN 180 mm (7"") PN10/PN16"
02-03-001-000-032,Fittings,Codo 45°,HDPE,32,1,PN10/PN16,EF,0.075,kg,17913.0,RESCO,"CODO 45° HDPE EF DE/DN 32 mm (1"") PN10/PN16"
02-03-001-000-040,Fittings,Codo 45°,HDPE,40,1 1/4,PN10/PN16,EF,0.125,kg,8229.0,WEB,"CODO 45° HDPE EF DE/DN 40 mm (1 1/4"") PN10/PN16"
02-03-001-000-050,Fittings,Codo 45°,HDPE,50,1 1/2,PN10/PN16,EF,0.196,kg,10455.0,WEB,"CODO 45° HDPE EF DE/DN 50 mm (1 1/2"") PN10/PN16"
02-03-001-000-063,Fittings,Codo 45°,HDPE,63,2,PN10/PN16,EF,0.27,kg,11520.0,WEB,"CODO 45° HDPE EF DE/DN 63 mm (2"") PN10/PN16"
02-03-001-000-075,Fittings,Codo 45°,HDPE,75,2 1/2,PN10/PN16,EF,0.437,kg,13553.0,WEB,"CODO 45° HDPE EF DE/DN 75 mm (2 1/2"") PN10/PN16"
02-03-001-000-090,Fittings,Codo 45°,HDPE,90,3,PN10/PN16,EF,0.759,kg,17909.0,WEB,"CODO 45° HDPE EF DE/DN 90 mm (3"") PN10/PN16"
02-03-001-000-110,Fittings,Codo 45°,HDPE,110,4,PN10/PN16,EF,1.269,kg,27590.0,WEB,"CODO 45° HDPE EF DE/DN 110 mm (4"") PN10/PN16"
02-03-001-000-125,Fittings,Codo 45°,HDPE,125,5,PN10/PN16,EF,2.03,kg,23866.0,COTIZACION,"CODO 45° HDPE EF DE/DN 125 mm (5"") PN10/PN16"
02-03-001-000-140,Fittings,Codo 45°,HDPE,140,5 1/2,PN10/PN16,EF,2.471,kg,72985.0,RESCO,"CODO 45° HDPE EF DE/DN 140 mm (5 1/2"") PN10/PN16"
02-03-001-000-160,Fittings,Codo 45°,HDPE,160,6,PN10/PN16,EF,3.325,kg,54797.0,WEB,"CODO 45° HDPE EF DE/DN 160 mm (6"") PN10/PN16"
02-03-001-000-180,Fittings,Codo 45°,HDPE,180,7,PN10/PN16,EF,6.15,kg,,,"CODO 45° HDPE EF DE/DN 180 mm (7"") PN10/PN16"
02-03-001-000-200,Fittings,Codo 45°,HDPE,200,8,PN10/PN16,EF,7.05,kg,60486.0,Koalition,"CODO 45° HDPE EF DE/DN 200 mm (8"") PN10/PN16"
02-03-001-000-225,Fittings,Codo 45°,HDPE,225,9,PN10/PN16,EF,9.8,kg,,,"CODO 45° HDPE EF DE/DN 225 mm (9"") PN10/PN16"
02-03-001-000-250,Fittings,Codo 45°,HDPE,250,10,PN10/PN16,EF,13.03,kg,116888.0,Koalition,"CODO 45° HDPE EF DE/DN 250 mm (10"") PN10/PN16"
02-03-014-000-032-025-025,Fittings,Y Reductor,HDPE,32-25-25,1-3/4-3/4,PN10/PN16,EF,0.119,kg,,,"Y RED. HDPE EF DE/DN 32-25-25 mm (1""-3/4""-3/4"") PN10/PN16"
02-03-014-000-040-032-032,Fittings,Y Reductor,HDPE,40-32-32,1 1/4-1-1,PN10/PN16,EF,0.133,kg,,,"Y RED. HDPE EF DE/DN 40-32-32 mm (1 1/4""-1""-1"") PN10/PN16"
02-03-014-000-050-040-040,Fittings,Y Reductor,HDPE,50-40-40,1 1/2-1 1/4-1 1/4,PN10/PN16,EF,0.151,kg,,,"Y RED. HDPE EF DE/DN 50-40-40 mm (1 1/2""-1 1/4""-1 1/4"") PN10/PN16"
01-03-001-011-016,Tuberias,Tuberia,HDPE,16,-,PN16,TF,0.09,kg/m,,,TUBERIA HDPE TF DE/DN 16 mm (-) PN16 L = 12 m
01-03-001-009-016,Tuberias,Tuberia,HDPE,16,-,PN20,TF,0.1,kg/m,,,TUBERIA HDPE TF DE/DN 16 mm (-) PN20 L = 12 m
01-03-001-074-016,Tuberias,Tuberia,HDPE,16,-,PN25,TF,0.12,kg/m,,,TUBERIA HDPE TF DE/DN 16 mm (-) PN25 L = 12 m
01-03-001-074-020,Tuberias,Tuberia,HDPE,20,1/2,PN25,TF,0.16,kg/m,,,"TUBERIA HDPE TF DE/DN 20 mm (1/2"") PN25 L = 12 m"
01-03-001-136-025,Tuberias,Tuberia,HDPE,25,3/4,PN12.5,TF,0.15,kg/m,,,"TUBERIA HDPE TF DE/DN 25 mm (3/4"") PN12.5 L = 12 m"
01-03-001-074-025,Tuberias,Tuberia,HDPE,25,3/4,PN25,TF,0.24,kg/m,,,"TUBERIA HDPE TF DE/DN 25 mm (3/4"") PN25 L = 12 m"
01-03-001-136-032,Tuberias,Tuberia,HDPE,32,1,PN12.5,TF,0.23,kg/m,,,"TUBERIA HDPE TF DE/DN 32 mm (1"") PN12.5 L = 12 m"
01-03-001-074-032,Tuberias,Tuberia,HDPE,32,1,PN25,TF,0.39,kg/m,,,"TUBERIA HDPE TF DE/DN 32 mm (1"") PN25 L = 12 m"
01-03-001-021-040,Tuberias,Tuberia,HDPE,40,1 1/4,PN8,TF,0.25,kg/m,,,"TUBERIA HDPE TF DE/DN 40 mm (1 1/4"") PN8 L = 12 m"
01-03-001-136-040,Tuberias,Tuberia,HDPE,40,1 1/4,PN12.5,TF,0.36,kg/m,,,"TUBERIA HDPE TF DE/DN 40 mm (1 1/4"") PN12.5 L = 12 m"
01-03-001-074-040,Tuberias,Tuberia,HDPE,40,1 1/4,PN25,TF,0.6,kg/m,,,"TUBERIA HDPE TF DE/DN 40 mm (1 1/4"") PN25 L = 12 m"
01-03-001-026-050,Tuberias,Tuberia,HDPE,50,1 1/2,PN6,TF,0.31,kg/m,,,"TUBERIA HDPE TF DE/DN 50 mm (1 1/2"") PN6 L = 12 m"
01-03-001-021-050,Tuberias,Tuberia,HDPE,50,1 1/2,PN8,TF,0.37,kg/m,,,"TUBERIA HDPE TF DE/DN 50 mm (1 1/2"") PN8 L = 12 m"
01-03-001-136-050,Tuberias,Tuberia,HDPE,50,1 1/2,PN12.5,TF,0.55,kg/m,,,"TUBERIA HDPE TF DE/DN 50 mm (1 1/2"") PN12.5 L = 12 m"
01-03-001-074-050,Tuberias,Tuberia,HDPE,50,1 1/2,PN25,TF,0.94,kg/m,,,"TUBERIA HDPE TF DE/DN 50 mm (1 1/2"") PN25 L = 12 m"
01-03-001-026-063,Tuberias,Tuberia,HDPE,63,2,PN6,TF,0.49,kg/m,,,"TUBERIA HDPE TF DE/DN 63 mm (2"") PN6 L = 12 m"
01-03-001-021-063,Tuberias,Tuberia,HDPE,63,2,PN8,TF,0.58,kg/m,,,"TUBERIA HDPE TF DE/DN 63 mm (2"") PN8 L = 12 m"
01-03-001-136-063,Tuberias,Tuberia,HDPE,63,2,PN12.5,TF,0.87,kg/m,,,"TUBERIA HDPE TF DE/DN 63 mm (2"") PN12.5 L = 12 m"
01-03-001-074-063,Tuberias,Tuberia,HDPE,63,2,PN25,TF,1.48,kg/m,,,"TUBERIA HDPE TF DE/DN 63 mm (2"") PN25 L = 12 m"
01-03-001-026-075,Tuberias,Tuberia,HDPE,75,2 1/2,PN6,TF,0.67,kg/m,,,"TUBERIA HDPE TF DE/DN 75 mm (2 1/2"") PN6 L = 12 m"
01-03-001-021-075,Tuberias,Tuberia,HDPE,75,2 1/2,PN8,TF,0.83,kg/m,,,"TUBERIA HDPE TF DE/DN 75 mm (2 1/2"") PN8 L = 12 m"
01-03-001-136-075,Tuberias,Tuberia,HDPE,75,2 1/2,PN12.5,TF,1.24,kg/m,,,"TUBERIA HDPE TF DE/DN 75 mm (2 1/2"") PN12.5 L = 12 m"
01-03-001-074-075,Tuberias,Tuberia,HDPE,75,2 1/2,PN25,TF,2.11,kg/m,,,"TUBERIA HDPE TF DE/DN 75 mm (2 1/2"") PN25 L = 12 m"
01-03-001-026-090,Tuberias,Tuberia,HDPE,90,3,PN6,TF,0.98,kg/m,114000.0,Megacenter,"TUBERIA HDPE TF DE/DN 90 mm (3"") PN6 L = 12 m"
01-03-001-021-090,Tuberias,Tuberia,HDPE,90,3,PN8,TF,1.18,kg/m,,,"TUBERIA HDPE TF DE/DN 90 mm (3"") PN8 L = 12 m"
01-03-001-136-090,Tuberias,Tuberia,HDPE,90,3,PN12.5,TF,1.78,kg/m,,,"TUBERIA HDPE TF DE/DN 90 mm (3"") PN12.5 L = 12 m"
01-03-001-074-090,Tuberias,Tuberia,HDPE,90,3,PN25,TF,3.02,kg/m,,,"TUBERIA HDPE TF DE/DN 90 mm (3"") PN25 L = 12 m"
01-03-001-026-110,Tuberias,Tuberia,HDPE,110,4,PN6,TF,1.43,kg/m,171000.0,Megacenter,"TUBERIA HDPE TF DE/DN 110 mm (4"") PN6 L = 12 m"
01-03-001-021-110,Tuberias,Tuberia,HDPE,110,4,PN8,TF,1.78,kg/m,,,"TUBERIA HDPE TF DE/DN 110 mm (4"") PN8 L = 12 m"
01-03-001-136-110,Tuberias,Tuberia,HDPE,110,4,PN12.5,TF,2.63,kg/m,,,"TUBERIA HDPE TF DE/DN 110 mm (4"") PN12.5 L = 12 m"
01-03-001-074-110,Tuberias,Tuberia,HDPE,110,4,PN25,TF,4.52,kg/m,,,"TUBERIA HDPE TF DE/DN 110 mm (4"") PN25 L = 12 m"
01-03-001-026-125,Tuberias,Tuberia,HDPE,125,5,PN6,TF,1.84,kg/m,99756.0,Megacenter,"TUBERIA HDPE TF DE/DN 125 mm (5"") PN6 L = 12 m"
01-03-001-021-125,Tuberias,Tuberia,HDPE,125,5,PN8,TF,2.27,kg/m,,,"TUBERIA HDPE TF DE/DN 125 mm (5"") PN8 L = 12 m"
01-03-001-136-125,Tuberias,Tuberia,HDPE,125,5,PN12.5,TF,3.39,kg/m,,,"TUBERIA HDPE TF DE/DN 125 mm (5"") PN12.5 L = 12 m"
01-03-001-074-125,Tuberias,Tuberia,HDPE,125,5,PN25,TF,5.82,kg/m,,,"TUBERIA HDPE TF DE/DN 125 mm (5"") PN25 L = 12 m"
01-03-001-026-140,Tuberias,Tuberia,HDPE,140,5 1/2,PN6,TF,2.33,kg/m,270744.0,Megacenter,"TUBERIA HDPE TF DE/DN 140 mm (5 1/2"") PN6 L = 12 m"
01-03-001-021-140,Tuberias,Tuberia,HDPE,140,5 1/2,PN8,TF,2.85,kg/m,,,"TUBERIA HDPE TF DE/DN 140 mm (5 1/2"") PN8 L = 12 m"
01-03-001-136-140,Tuberias,Tuberia,HDPE,140,5 1/2,PN12.5,TF,4.24,kg/m,,,"TUBERIA HDPE TF DE/DN 140 mm (5 1/2"") PN12.5 L = 12 m"
01-03-001-074-140,Tuberias,Tuberia,HDPE,140,5 1/2,PN25,TF,7.31,kg/m,,,"TUBERIA HDPE TF DE/DN 140 mm (5 1/2"") PN25 L = 12 m"
01-03-001-026-160,Tuberias,Tuberia,HDPE,160,6,PN6,TF,3.05,kg/m,356244.0,Megacenter,"TUBERIA HDPE TF DE/DN 160 mm (6"") PN6 L = 12 m"
01-03-001-021-160,Tuberias,Tuberia,HDPE,160,6,PN8,TF,3.73,kg/m,,,"TUBERIA HDPE TF DE/DN 160 mm (6"") PN8 L = 12 m"
01-03-001-136-160,Tuberias,Tuberia,HDPE,160,6,PN12.5,TF,5.54,kg/m,,,"TUBERIA HDPE TF DE/DN 160 mm (6"") PN12.5 L = 12 m"
01-03-001-074-160,Tuberias,Tuberia,HDPE,160,6,PN25,TF,9.52,kg/m,,,"TUBERIA HDPE TF DE/DN 160 mm (6"") PN25 L = 12 m"
01-03-001-026-180,Tuberias,Tuberia,HDPE,180,7,PN6,TF,3.8,kg/m,441756.0,Megacenter,"TUBERIA HDPE TF DE/DN 180 mm (7"") PN6 L = 12 m"
01-03-001-021-180,Tuberias,Tuberia,HDPE,180,7,PN8,TF,4.69,kg/m,,,"TUBERIA HDPE TF DE/DN 180 mm (7"") PN8 L = 12 m"
01-03-001-136-180,Tuberias,Tuberia,HDPE,180,7,PN12.5,TF,7.03,kg/m,,,"TUBERIA HDPE TF DE/DN 180 mm (7"") PN12.5 L = 12 m"
01-03-001-074-180,Tuberias,Tuberia,HDPE,180,7,PN25,TF,12.04,kg/m,,,"TUBERIA HDPE TF DE/DN 180 mm (7"") PN25 L = 12 m"
01-03-001-026-200,Tuberias,Tuberia,HDPE,200,8,PN6,TF,4.72,kg/m,555756.0,Megacenter,"TUBERIA HDPE TF DE/DN 200 mm (8"") PN6 L = 12 m"
01-03-001-021-200,Tuberias,Tuberia,HDPE,200,8,PN8,TF,5.81,kg/m,,,"TUBERIA HDPE TF DE/DN 200 mm (8"") PN8 L = 12 m"
01-03-001-136-200,Tuberias,Tuberia,HDPE,200,8,PN12.5,TF,8.62,kg/m,,,"TUBERIA HDPE TF DE/DN 200 mm (8"") PN12.5 L = 12 m"
01-03-001-074-200,Tuberias,Tuberia,HDPE,200,8,PN25,TF,14.89,kg/m,,,"TUBERIA HDPE TF DE/DN 200 mm (8"") PN25 L = 12 m"
01-03-001-026-225,Tuberias,Tuberia,HDPE,225,9,PN6,TF,5.93,kg/m,299256.0,Megacenter,"TUBERIA HDPE TF DE/DN 225 mm (9"") PN6 L = 12 m"
01-03-001-021-225,Tuberias,Tuberia,HDPE,225,9,PN8,TF,7.34,kg/m,,,"TUBERIA HDPE TF DE/DN 225 mm (9"") PN8 L = 12 m"
01-03-001-136-225,Tuberias,Tuberia,HDPE,225,9,PN12.5,TF,10.95,kg/m,,,"TUBERIA HDPE TF DE/DN 225 mm (9"") PN12.5 L = 12 m"
01-03-001-074-225,Tuberias,Tuberia,HDPE,225,9,PN25,TF,18.82,kg/m,,,"TUBERIA HDPE TF DE/DN 225 mm (9"") PN25 L = 12 m"
01-03-001-026-250,Tuberias,Tuberia,HDPE,250,10,PN6,TF,7.34,kg/m,869256.0,Megacenter,"TUBERIA HDPE TF DE/DN 250 mm (10"") PN6 L = 12 m"
01-03-001-021-250,Tuberias,Tuberia,HDPE,250,10,PN8,TF,8.99,kg/m,,,"TUBERIA HDPE TF DE/DN 250 mm (10"") PN8 L = 12 m"
01-03-001-136-250,Tuberias,Tuberia,HDPE,250,10,PN12.5,TF,13.49,kg/m,,,"TUBERIA HDPE TF DE/DN 250 mm (10"") PN12.5 L = 12 m"
01-03-001-074-250,Tuberias,Tuberia,HDPE,250,10,PN25,TF,23.23,kg/m,,,"TUBERIA HDPE TF DE/DN 250 mm (10"") PN25 L = 12 m"
01-03-001-026-280,Tuberias,Tuberia,HDPE,280,11,PN6,TF,9.16,kg/m,470244.0,Megacenter,"TUBERIA HDPE TF DE/DN 280 mm (11"") PN6 L = 12 m"
01-03-001-021-280,Tuberias,Tuberia,HDPE,280,11,PN8,TF,11.35,kg/m,,,"TUBERIA HDPE TF DE/DN 280 mm (11"") PN8 L = 12 m"
01-03-001-136-280,Tuberias,Tuberia,HDPE,280,11,PN12.5,TF,16.9,kg/m,,,"TUBERIA HDPE TF DE/DN 280 mm (11"") PN12.5 L = 12 m"
01-03-001-074-280,Tuberias,Tuberia,HDPE,280,11,PN25,TF,29.13,kg/m,,,"TUBERIA HDPE TF DE/DN 280 mm (11"") PN25 L = 12 m"
01-03-001-041-315,Tuberias,Tuberia,HDPE,315,12,PN4,TF,7.54,kg/m,,,"TUBERIA HDPE TF DE/DN 315 mm (12"") PN4 L = 12 m"
01-03-001-033-315,Tuberias,Tuberia,HDPE,315,12,PN5,TF,9.42,kg/m,,,"TUBERIA HDPE TF DE/DN 315 mm (12"") PN5 L = 12 m"
01-03-001-026-315,Tuberias,Tuberia,HDPE,315,12,PN6,TF,11.67,kg/m,1482000.0,Megacenter,"TUBERIA HDPE TF DE/DN 315 mm (12"") PN6 L = 12 m"
01-03-001-021-315,Tuberias,Tuberia,HDPE,315,12,PN8,TF,14.26,kg/m,,,"TUBERIA HDPE TF DE/DN 315 mm (12"") PN8 L = 12 m"
01-03-001-136-315,Tuberias,Tuberia,HDPE,315,12,PN12.5,TF,21.43,kg/m,,,"TUBERIA HDPE TF DE/DN 315 mm (12"") PN12.5 L = 12 m"
01-03-001-074-315,Tuberias,Tuberia,HDPE,315,12,PN25,TF,36.88,kg/m,,,"TUBERIA HDPE TF DE/DN 315 mm (12"") PN25 L = 12 m"
01-03-001-041-355,Tuberias,Tuberia,HDPE,355,14,PN4,TF,9.59,kg/m,,,"TUBERIA HDPE TF DE/DN 355 mm (14"") PN4 L = 12 m"
01-03-001-033-355,Tuberias,Tuberia,HDPE,355,14,PN5,TF,11.91,kg/m,,,"TUBERIA HDPE TF DE/DN 355 mm (14"") PN5 L = 12 m"
01-03-001-026-355,Tuberias,Tuberia,HDPE,355,14,PN6,TF,14.74,kg/m,,,"TUBERIA HDPE TF DE/DN 355 mm (14"") PN6 L = 12 m"
01-03-001-021-355,Tuberias,Tuberia,HDPE,355,14,PN8,TF,18.1,kg/m,,,"TUBERIA HDPE TF DE/DN 355 mm (14"") PN8 L = 12 m"
01-03-001-136-355,Tuberias,Tuberia,HDPE,355,14,PN12.5,TF,27.16,kg/m,,,"TUBERIA HDPE TF DE/DN 355 mm (14"") PN12.5 L = 12 m"
01-03-001-074-355,Tuberias,Tuberia,HDPE,355,14,PN25,TF,46.76,kg/m,,,"TUBERIA HDPE TF DE/DN 355 mm (14"") PN25 L = 12 m"
01-03-001-041-400,Tuberias,Tuberia,HDPE,400,16,PN4,TF,12.16,kg/m,,,"TUBERIA HDPE TF DE/DN 400 mm (16"") PN4 L = 12 m"
01-03-001-033-400,Tuberias,Tuberia,HDPE,400,16,PN5,TF,15.17,kg/m,,,"TUBERIA HDPE TF DE/DN 400 mm (16"") PN5 L = 12 m"
01-03-001-026-400,Tuberias,Tuberia,HDPE,400,16,PN6,TF,18.7,kg/m,,,"TUBERIA HDPE TF DE/DN 400 mm (16"") PN6 L = 12 m"
01-03-001-021-400,Tuberias,Tuberia,HDPE,400,16,PN8,TF,23.08,kg/m,,,"TUBERIA HDPE TF DE/DN 400 mm (16"") PN8 L = 12 m"
01-03-001-136-400,Tuberias,Tuberia,HDPE,400,16,PN12.5,TF,34.45,kg/m,,,"TUBERIA HDPE TF DE/DN 400 mm (16"") PN12.5 L = 12 m"
01-03-001-074-400,Tuberias,Tuberia,HDPE,400,16,PN25,TF,59.4,kg/m,,,"TUBERIA HDPE TF DE/DN 400 mm (16"") PN25 L = 12 m"
01-03-001-041-450,Tuberias,Tuberia,HDPE,450,18,PN4,TF,15.34,kg/m,,,"TUBERIA HDPE TF DE/DN 450 mm (18"") PN4 L = 12 m"
01-03-001-033-450,Tuberias,Tuberia,HDPE,450,18,PN5,TF,19.11,kg/m,,,"TUBERIA HDPE TF DE/DN 450 mm (18"") PN5 L = 12 m"
01-03-001-026-450,Tuberias,Tuberia,HDPE,450,18,PN6,TF,23.64,kg/m,,,"TUBERIA HDPE TF DE/DN 450 mm (18"") PN6 L = 12 m"
01-03-001-021-450,Tuberias,Tuberia,HDPE,450,18,PN8,TF,29.19,kg/m,,,"TUBERIA HDPE TF DE/DN 450 mm (18"") PN8 L = 12 m"
01-03-001-136-450,Tuberias,Tuberia,HDPE,450,18,PN12.5,TF,43.63,kg/m,,,"TUBERIA HDPE TF DE/DN 450 mm (18"") PN12.5 L = 12 m"
01-03-001-074-450,Tuberias,Tuberia,HDPE,450,18,PN25,TF,75.14,kg/m,,,"TUBERIA HDPE TF DE/DN 450 mm (18"") PN25 L = 12 m"
01-03-001-041-500,Tuberias,Tuberia,HDPE,500,20,PN4,TF,19.09,kg/m,,,"TUBERIA HDPE TF DE/DN 500 mm (20"") PN4 L = 12 m"
01-03-001-033-500,Tuberias,Tuberia,HDPE,500,20,PN5,TF,23.57,kg/m,,,"TUBERIA HDPE TF DE/DN 500 mm (20"") PN5 L = 12 m"
01-03-001-026-500,Tuberias,Tuberia,HDPE,500,20,PN6,TF,29.16,kg/m,,,"TUBERIA HDPE TF DE/DN 500 mm (20"") PN6 L = 12 m"
01-03-001-021-500,Tuberias,Tuberia,HDPE,500,20,PN8,TF,36.02,kg/m,,,"TUBERIA HDPE TF DE/DN 500 mm (20"") PN8 L = 12 m"
01-03-001-136-500,Tuberias,Tuberia,HDPE,500,20,PN12.5,TF,53.84,kg/m,,,"TUBERIA HDPE TF DE/DN 500 mm (20"") PN12.5 L = 12 m"
01-03-001-041-560,Tuberias,Tuberia,HDPE,560,22,PN4,TF,23.78,kg/m,,,"TUBERIA HDPE TF DE/DN 560 mm (22"") PN4 L = 12 m"
01-03-001-033-560,Tuberias,Tuberia,HDPE,560,22,PN5,TF,29.66,kg/m,,,"TUBERIA HDPE TF DE/DN 560 mm (22"") PN5 L = 12 m"
01-03-001-026-560,Tuberias,Tuberia,HDPE,560,22,PN6,TF,36.55,kg/m,,,"TUBERIA HDPE TF DE/DN 560 mm (22"") PN6 L = 12 m"
01-03-001-021-560,Tuberias,Tuberia,HDPE,560,22,PN8,TF,45.08,kg/m,,,"TUBERIA HDPE TF DE/DN 560 mm (22"") PN8 L = 12 m"
01-03-001-136-560,Tuberias,Tuberia,HDPE,560,22,PN12.5,TF,67.55,kg/m,,,"TUBERIA HDPE TF DE/DN 560 mm (22"") PN12.5 L = 12 m"
01-03-001-041-630,Tuberias,Tuberia,HDPE,630,24,PN4,TF,30.08,kg/m,,,"TUBERIA HDPE TF DE/DN 630 mm (24"") PN4 L = 12 m"
01-03-001-033-630,Tuberias,Tuberia,HDPE,630,24,PN5,TF,37.42,kg/m,,,"TUBERIA HDPE TF DE/DN 630 mm (24"") PN5 L = 12 m"
01-03-001-026-630,Tuberias,Tuberia,HDPE,630,24,PN6,TF,46.32,kg/m,,,"TUBERIA HDPE TF DE/DN 630 mm (24"") PN6 L = 12 m"
01-03-001-021-630,Tuberias,Tuberia,HDPE,630,24,PN8,TF,57.2,kg/m,,,"TUBERIA HDPE TF DE/DN 630 mm (24"") PN8 L = 12 m"
01-03-001-136-630,Tuberias,Tuberia,HDPE,630,24,PN12.5,TF,85.38,kg/m,,,"TUBERIA HDPE TF DE/DN 630 mm (24"") PN12.5 L = 12 m"
04-04-001-116-050,Valvulas,Valvula compuerta elastomerica,Fierro ductil,50,2,PN10/16,B,11.0,kg,,,"VALV. COMPUERTA ELAST. FD B DE/DN 50 mm (2"") PN10/16"
04-04-001-116-080,Valvulas,Valvula compuerta elastomerica,Fierro ductil,80,3,PN10/16,B,18.0,kg,73638.0,WEB,"VALV. COMPUERTA ELAST. FD B DE/DN 80 mm (3"") PN10/16"
04-04-001-116-100,Valvulas,Valvula compuerta elastomerica,Fierro ductil,100,4,PN10/16,B,23.0,kg,90243.0,WEB,"VALV. COMPUERTA ELAST. FD B DE/DN 100 mm (4"") PN10/16"
04-04-001-116-125,Valvulas,Valvula compuerta elastomerica,Fierro ductil,125,5,PN10/16,B,31.0,kg,128507.0,WEB,"VALV. COMPUERTA ELAST. FD B DE/DN 125 mm (5"") PN10/16"
04-04-001-116-150,Valvulas,Valvula compuerta elastomerica,Fierro ductil,150,6,PN10/16,B,40.0,kg,184926.0,WEB,"VALV. COMPUERTA ELAST. FD B DE/DN 150 mm (6"") PN10/16"
04-04-001-116-200,Valvulas,Valvula compuerta elastomerica,Fierro ductil,200,8,PN10/16,B,60.0,kg,275712.0,Impofusion,"VALV. COMPUERTA ELAST. FD B DE/DN 200 mm (8"") PN10/16"
04-04-001-116-250,Valvulas,Valvula compuerta elastomerica,Fierro ductil,250,10,PN10/16,B,90.0,kg,,,"VALV. COMPUERTA ELAST. FD B DE/DN 250 mm (10"") PN10/16"
04-04-001-116-300,Valvulas,Valvula compuerta elastomerica,Fierro ductil,300,12,PN10/16,B,118.0,kg,,,"VALV. COMPUERTA ELAST. FD B DE/DN 300 mm (12"") PN10/16"
04-04-001-116-350,Valvulas,Valvula compuerta elastomerica,Fierro ductil,350,14,PN10/16,B,161.0,kg,,,"VALV. COMPUERTA ELAST. FD B DE/DN 350 mm (14"") PN10/16"
04-04-001-116-400,Valvulas,Valvula compuerta elastomerica,Fierro ductil,400,16,PN10/16,B,210.0,kg,,,"VALV. COMPUERTA ELAST. FD B DE/DN 400 mm (16"") PN10/16"
04-04-001-116-450,Valvulas,Valvula compuerta elastomerica,Fierro ductil,450,18,PN10/16,B,321.0,kg,,,"VALV. COMPUERTA ELAST. FD B DE/DN 450 mm (18"") PN10/16"
04-04-001-116-500,Valvulas,Valvula compuerta elastomerica,Fierro ductil,500,20,PN10/16,B,445.0,kg,,,"VALV. COMPUERTA ELAST. FD B DE/DN 500 mm (20"") PN10/16"
04-04-001-116-600,Valvulas,Valvula compuerta elastomerica,Fierro ductil,600,24,PN10/16,B,543.0,kg,,,"VALV. COMPUERTA ELAST. FD B DE/DN 600 mm (24"") PN10/16"
04-04-002-000-050,Valvulas,Valvula retencion doble clapeta,Fierro ductil,50,2,,B,1.46,kg,,,"VALV. RET. DOBLE CLAPETA FD B DE/DN 50 mm (2"")"
04-04-002-000-080,Valvulas,Valvula retencion doble clapeta,Fierro ductil,80,3,,B,3.5,kg,,,"VALV. RET. DOBLE CLAPETA FD B DE/DN 80 mm (3"")"
04-04-002-000-100,Valvulas,Valvula retencion doble clapeta,Fierro ductil,100,4,,B,4.34,kg,,,"VALV. RET. DOBLE CLAPETA FD B DE/DN 100 mm (4"")"
04-04-002-000-125,Valvulas,Valvula retencion doble clapeta,Fierro ductil,125,5,,B,6.62,kg,,,"VALV. RET. DOBLE CLAPETA FD B DE/DN 125 mm (5"")"
04-04-002-000-150,Valvulas,Valvula retencion doble clapeta,Fierro ductil,150,6,,B,8.8,kg,,,"VALV. RET. DOBLE CLAPETA FD B DE/DN 150 mm (6"")"
04-04-002-000-200,Valvulas,Valvula retencion doble clapeta,Fierro ductil,200,8,,B,15.0,kg,,,"VALV. RET. DOBLE CLAPETA FD B DE/DN 200 mm (8"")"
04-04-002-000-250,Valvulas,Valvula retencion doble clapeta,Fierro ductil,250,10,,B,26.43,kg,,,"VALV. RET. DOBLE CLAPETA FD B DE/DN 250 mm (10"")"
04-04-002-000-300,Valvulas,Valvula retencion doble clapeta,Fierro ductil,300,12,,B,36.8,kg,,,"VALV. RET. DOBLE CLAPETA FD B DE/DN 300 mm (12"")"
04-04-003-025-040,Valvulas,Valvula control hidraulica Sigma EN,Fierro ductil,40,1.5,PN25,B,12.0,kg,,,"VALV. CTRL. HIDR. SIGMA EN FD B DE/DN 40 mm (1.5"") PN25"
04-04-003-025-050,Valvulas,Valvula control hidraulica Sigma EN,Fierro ductil,50,2,PN25,B,14.0,kg,,,"VALV. CTRL. HIDR. SIGMA EN FD B DE/DN 50 mm (2"") PN25"
04-04-003-025-065,Valvulas,Valvula control hidraulica Sigma EN,Fierro ductil,65,2.5,PN25,B,20.0,kg,,,"VALV. CTRL. HIDR. SIGMA EN FD B DE/DN 65 mm (2.5"") PN25"
04-04-003-025-080,Valvulas,Valvula control hidraulica Sigma EN,Fierro ductil,80,3,PN25,B,28.0,kg,,,"VALV. CTRL. HIDR. SIGMA EN FD B DE/DN 80 mm (3"") PN25"
04-04-003-025-100,Valvulas,Valvula control hidraulica Sigma EN,Fierro ductil,100,4,PN25,B,47.0,kg,,,"VALV. CTRL. HIDR. SIGMA EN FD B DE/DN 100 mm (4"") PN25"
04-04-003-025-150,Valvulas,Valvula control hidraulica Sigma EN,Fierro ductil,150,6,PN25,B,96.0,kg,,,"VALV. CTRL. HIDR. SIGMA EN FD B DE/DN 150 mm (6"") PN25"
04-04-003-025-200,Valvulas,Valvula control hidraulica Sigma EN,Fierro ductil,200,8,PN25,B,158.0,kg,,,"VALV. CTRL. HIDR. SIGMA EN FD B DE/DN 200 mm (8"") PN25"
04-04-003-025-250,Valvulas,Valvula control hidraulica Sigma EN,Fierro ductil,250,10,PN25,B,256.0,kg,,,"VALV. CTRL. HIDR. SIGMA EN FD B DE/DN 250 mm (10"") PN25"
04-04-003-025-300,Valvulas,Valvula control hidraulica Sigma EN,Fierro ductil,300,12,PN25,B,403.0,kg,,,"VALV. CTRL. HIDR. SIGMA EN FD B DE/DN 300 mm (12"") PN25"
04-04-003-025-400,Valvulas,Valvula control hidraulica Sigma EN,Fierro ductil,400,16,PN25,B,974.0,kg,,,"VALV. CTRL. HIDR. SIGMA EN FD B DE/DN 400 mm (16"") PN25"
04-04-004-025-065,Valvulas,Valvula control hidraulica Sigma ES,Fierro ductil,65,2.5,PN25,B,18.0,kg,,,"VALV. CTRL. HIDR. SIGMA ES FD B DE/DN 65 mm (2.5"") PN25"
04-04-004-025-080,Valvulas,Valvula control hidraulica Sigma ES,Fierro ductil,80,3,PN25,B,22.0,kg,,,"VALV. CTRL. HIDR. SIGMA ES FD B DE/DN 80 mm (3"") PN25"
04-04-004-025-100,Valvulas,Valvula control hidraulica Sigma ES,Fierro ductil,100,4,PN25,B,38.0,kg,,,"VALV. CTRL. HIDR. SIGMA ES FD B DE/DN 100 mm (4"") PN25"
04-04-004-025-150,Valvulas,Valvula control hidraulica Sigma ES,Fierro ductil,150,6,PN25,B,78.0,kg,,,"VALV. CTRL. HIDR. SIGMA ES FD B DE/DN 150 mm (6"") PN25"
04-04-004-025-200,Valvulas,Valvula control hidraulica Sigma ES,Fierro ductil,200,8,PN25,B,125.0,kg,,,"VALV. CTRL. HIDR. SIGMA ES FD B DE/DN 200 mm (8"") PN25"
04-04-004-025-250,Valvulas,Valvula control hidraulica Sigma ES,Fierro ductil,250,10,PN25,B,198.0,kg,,,"VALV. CTRL. HIDR. SIGMA ES FD B DE/DN 250 mm (10"") PN25"
04-04-004-025-300,Valvulas,Valvula control hidraulica Sigma ES,Fierro ductil,300,12,PN25,B,306.0,kg,,,"VALV. CTRL. HIDR. SIGMA ES FD B DE/DN 300 mm (12"") PN25"
04-04-004-025-350,Valvulas,Valvula control hidraulica Sigma ES,Fierro ductil,350,14,PN25,B,457.0,kg,,,"VALV. CTRL. HIDR. SIGMA ES FD B DE/DN 350 mm (14"") PN25"
04-04-004-025-400,Valvulas,Valvula control hidraulica Sigma ES,Fierro ductil,400,16,PN25,B,515.0,kg,,,"VALV. CTRL. HIDR. SIGMA ES FD B DE/DN 400 mm (16"") PN25"
04-04-004-025-450,Valvulas,Valvula control hidraulica Sigma ES,Fierro ductil,450,18,PN25,B,1024.0,kg,,,"VALV. CTRL. HIDR. SIGMA ES FD B DE/DN 450 mm (18"") PN25"
04-04-004-025-500,Valvulas,Valvula control hidraulica Sigma ES,Fierro ductil,500,20,PN25,B,1085.0,kg,,,"VALV. CTRL. HIDR. SIGMA ES FD B DE/DN 500 mm (20"") PN25"
04-04-004-025-600,Valvulas,Valvula control hidraulica Sigma ES,Fierro ductil,600,24,PN25,B,1290.0,kg,,,"VALV. CTRL. HIDR. SIGMA ES FD B DE/DN 600 mm (24"") PN25"
02-03-018-017-040,Fittings,Portabrida,HDPE,40,1 1/4,PN10,TF,0.09,kg,,,"PORTABRIDA HDPE TF DE 40 mm (1 1/4"") SDR17 PN10"
02-03-018-017-050,Fittings,Portabrida,HDPE,50,1 1/2,PN10,TF,0.12,kg,2101.0,RESCO,"PORTABRIDA HDPE TF DE 50 mm (1 1/2"") SDR17 PN10"
02-03-018-017-063,Fittings,Portabrida,HDPE,63,2,PN10,TF,0.18,kg,2587.0,RESCO,"PORTABRIDA HDPE TF DE 63 mm (2"") SDR17 PN10"
02-03-018-017-075,Fittings,Portabrida,HDPE,75,2 1/2,PN10,TF,0.27,kg,3490.0,RESCO,"PORTABRIDA HDPE TF DE 75 mm (2 1/2"") SDR17 PN10"
02-03-018-017-090,Fittings,Portabrida,HDPE,90,3,PN10,TF,0.4,kg,4293.0,RESCO,"PORTABRIDA HDPE TF DE 90 mm (3"") SDR17 PN10"
02-03-018-017-110,Fittings,Portabrida,HDPE,110,4,PN10,TF,0.46,kg,5154.0,RESCO,"PORTABRIDA HDPE TF DE 110 mm (4"") SDR17 PN10"
02-03-018-017-125,Fittings,Portabrida,HDPE,125,5,PN10,TF,0.72,kg,6498.0,RESCO,"PORTABRIDA HDPE TF DE 125 mm (5"") SDR17 PN10"
02-03-018-017-140,Fittings,Portabrida,HDPE,140,5 1/2,PN10,TF,1.0,kg,8355.0,RESCO,"PORTABRIDA HDPE TF DE 140 mm (5 1/2"") SDR17 PN10"
02-03-018-017-160,Fittings,Portabrida,HDPE,160,6,PN10,TF,1.18,kg,9929.0,RESCO,"PORTABRIDA HDPE TF DE 160 mm (6"") SDR17 PN10"
02-03-018-017-180,Fittings,Portabrida,HDPE,180,7,PN10,TF,1.22,kg,,,"PORTABRIDA HDPE TF DE 180 mm (7"") SDR17 PN10"
02-03-018-017-200,Fittings,Portabrida,HDPE,200,8,PN10,TF,2.2,kg,16513.0,RESCO,"PORTABRIDA HDPE TF DE 200 mm (8"") SDR17 PN10"
02-03-018-017-225,Fittings,Portabrida,HDPE,225,9,PN10,TF,2.2,kg,,,"PORTABRIDA HDPE TF DE 225 mm (9"") SDR17 PN10"
02-03-018-017-250,Fittings,Portabrida,HDPE,250,10,PN10,TF,3.95,kg,24636.0,RESCO,"PORTABRIDA HDPE TF DE 250 mm (10"") SDR17 PN10"
02-03-018-017-280,Fittings,Portabrida,HDPE,280,11,PN10,TF,4.07,kg,,,"PORTABRIDA HDPE TF DE 280 mm (11"") SDR17 PN10"
02-03-018-017-315,Fittings,Portabrida,HDPE,315,12,PN10,TF,5.49,kg,75252.0,RESCO,"PORTABRIDA HDPE TF DE 315 mm (12"") SDR17 PN10"
02-03-018-011-025,Fittings,Portabrida,HDPE,25,3/4,PN16,TF,0.04,kg,,,"PORTABRIDA HDPE TF DE 25 mm (3/4"") SDR11 PN16"
02-03-018-011-032,Fittings,Portabrida,HDPE,32,1,PN16,TF,0.05,kg,,,"PORTABRIDA HDPE TF DE 32 mm (1"") SDR11 PN16"
02-03-018-011-040,Fittings,Portabrida,HDPE,40,1 1/4,PN16,TF,0.07,kg,,,"PORTABRIDA HDPE TF DE 40 mm (1 1/4"") SDR11 PN16"
02-03-018-011-050,Fittings,Portabrida,HDPE,50,1 1/2,PN16,TF,0.11,kg,2101.0,RESCO,"PORTABRIDA HDPE TF DE 50 mm (1 1/2"") SDR11 PN16"
02-03-018-011-063,Fittings,Portabrida,HDPE,63,2,PN16,TF,0.18,kg,2587.0,RESCO,"PORTABRIDA HDPE TF DE 63 mm (2"") SDR11 PN16"
02-03-018-011-075,Fittings,Portabrida,HDPE,75,2 1/2,PN16,TF,0.2,kg,3490.0,RESCO,"PORTABRIDA HDPE TF DE 75 mm (2 1/2"") SDR11 PN16"
02-03-018-011-090,Fittings,Portabrida,HDPE,90,3,PN16,TF,0.44,kg,4293.0,RESCO,"PORTABRIDA HDPE TF DE 90 mm (3"") SDR11 PN16"
02-03-018-011-110,Fittings,Portabrida,HDPE,110,4,PN16,TF,0.67,kg,7555.0,WEB,"PORTABRIDA HDPE TF DE 110 mm (4"") SDR11 PN16"
02-03-018-011-125,Fittings,Portabrida,HDPE,125,5,PN16,TF,0.71,kg,6498.0,RESCO,"PORTABRIDA HDPE TF DE 125 mm (5"") SDR11 PN16"
02-03-018-011-140,Fittings,Portabrida,HDPE,140,5 1/2,PN16,TF,1.06,kg,8355.0,RESCO,"PORTABRIDA HDPE TF DE 140 mm (5 1/2"") SDR11 PN16"
02-03-018-011-160,Fittings,Portabrida,HDPE,160,6,PN16,TF,1.76,kg,17639.0,WEB,"PORTABRIDA HDPE TF DE 160 mm (6"") SDR11 PN16"
02-03-018-011-180,Fittings,Portabrida,HDPE,180,7,PN16,TF,1.73,kg,,,"PORTABRIDA HDPE TF DE 180 mm (7"") SDR11 PN16"
02-03-018-011-200,Fittings,Portabrida,HDPE,200,8,PN16,TF,2.8,kg,33605.0,WEB,"PORTABRIDA HDPE TF DE 200 mm (8"") SDR11 PN16"
02-03-018-011-250,Fittings,Portabrida,HDPE,250,10,PN16,TF,4.3,kg,49571.0,WEB,"PORTABRIDA HDPE TF DE 250 mm (10"") SDR11 PN16"
02-03-018-011-315,Fittings,Portabrida,HDPE,315,12,PN16,TF,6.9,kg,81504.0,WEB,"PORTABRIDA HDPE TF DE 315 mm (12"") SDR11 PN16"
02-03-001-017-063,Fittings,Codo 45°,HDPE,63,2,PN10,TF,0.16,kg,4062.0,Eurostandard,"CODO 45° HDPE TF DE 63 mm (2"") SDR17 PN10"
02-03-001-017-075,Fittings,Codo 45°,HDPE,75,2 1/2,PN10,TF,0.35,kg,5210.0,Eurostandard,"CODO 45° HDPE TF DE 75 mm (2 1/2"") SDR17 PN10"
02-03-001-017-090,Fittings,Codo 45°,HDPE,90,3,PN10,TF,0.53,kg,6987.0,Eurostandard,"CODO 45° HDPE TF DE 90 mm (3"") SDR17 PN10"
02-03-001-017-110,Fittings,Codo 45°,HDPE,110,4,PN10,TF,0.72,kg,10546.0,Eurostandard,"CODO 45° HDPE TF DE 110 mm (4"") SDR17 PN10"
02-03-001-017-125,Fittings,Codo 45°,HDPE,125,5,PN10,TF,1.08,kg,13756.0,Koalition,"CODO 45° HDPE TF DE 125 mm (5"") SDR17 PN10"
02-03-001-017-140,Fittings,Codo 45°,HDPE,140,5 1/2,PN10,TF,1.34,kg,,,"CODO 45° HDPE TF DE 140 mm (5 1/2"") SDR17 PN10"
02-03-001-017-160,Fittings,Codo 45°,HDPE,160,6,PN10,TF,1.88,kg,23482.0,Koalition,"CODO 45° HDPE TF DE 160 mm (6"") SDR17 PN10"
02-03-001-017-180,Fittings,Codo 45°,HDPE,180,7,PN10,TF,2.32,kg,,,"CODO 45° HDPE TF DE 180 mm (7"") SDR17 PN10"
02-03-001-017-200,Fittings,Codo 45°,HDPE,200,8,PN10,TF,3.19,kg,37888.0,Koalition,"CODO 45° HDPE TF DE 200 mm (8"") SDR17 PN10"
02-03-001-017-225,Fittings,Codo 45°,HDPE,225,9,PN10,TF,3.37,kg,,,"CODO 45° HDPE TF DE 225 mm (9"") SDR17 PN10"
02-03-001-017-250,Fittings,Codo 45°,HDPE,250,10,PN10,TF,5.21,kg,69976.0,Koalition,"CODO 45° HDPE TF DE 250 mm (10"") SDR17 PN10"
02-03-001-017-280,Fittings,Codo 45°,HDPE,280,11,PN10,TF,8.09,kg,,,"CODO 45° HDPE TF DE 280 mm (11"") SDR17 PN10"
02-03-001-017-315,Fittings,Codo 45°,HDPE,315,12,PN10,TF,11.03,kg,123025.0,Koalition,"CODO 45° HDPE TF DE 315 mm (12"") SDR17 PN10"
02-03-001-011-032,Fittings,Codo 45°,HDPE,32,1,PN16,TF,0.05,kg,,,"CODO 45° HDPE TF DE 32 mm (1"") SDR11 PN16"
02-03-001-011-040,Fittings,Codo 45°,HDPE,40,1 1/4,PN16,TF,0.08,kg,,,"CODO 45° HDPE TF DE 40 mm (1 1/4"") SDR11 PN16"
02-03-001-011-050,Fittings,Codo 45°,HDPE,50,1 1/2,PN16,TF,0.4,kg,3294.0,Eurostandard,"CODO 45° HDPE TF DE 50 mm (1 1/2"") SDR11 PN16"
02-03-001-011-063,Fittings,Codo 45°,HDPE,63,2,PN16,TF,0.22,kg,4062.0,Eurostandard,"CODO 45° HDPE TF DE 63 mm (2"") SDR11 PN16"
02-03-001-011-075,Fittings,Codo 45°,HDPE,75,2 1/2,PN16,TF,0.38,kg,5210.0,Eurostandard,"CODO 45° HDPE TF DE 75 mm (2 1/2"") SDR11 PN16"
02-03-001-011-090,Fittings,Codo 45°,HDPE,90,3,PN16,TF,0.55,kg,6987.0,Eurostandard,"CODO 45° HDPE TF DE 90 mm (3"") SDR11 PN16"
02-03-001-011-110,Fittings,Codo 45°,HDPE,110,4,PN16,TF,0.82,kg,10546.0,Eurostandard,"CODO 45° HDPE TF DE 110 mm (4"") SDR11 PN16"
02-03-001-011-125,Fittings,Codo 45°,HDPE,125,5,PN16,TF,1.18,kg,13756.0,Koalition,"CODO 45° HDPE TF DE 125 mm (5"") SDR11 PN16"
02-03-001-011-140,Fittings,Codo 45°,HDPE,140,5 1/2,PN16,TF,1.49,kg,,,"CODO 45° HDPE TF DE 140 mm (5 1/2"") SDR11 PN16"
02-03-001-011-160,Fittings,Codo 45°,HDPE,160,6,PN16,TF,2.11,kg,23482.0,Koalition,"CODO 45° HDPE TF DE 160 mm (6"") SDR11 PN16"
02-03-001-011-180,Fittings,Codo 45°,HDPE,180,7,PN16,TF,3.31,kg,,,"CODO 45° HDPE TF DE 180 mm (7"") SDR11 PN16"
02-03-001-011-200,Fittings,Codo 45°,HDPE,200,8,PN16,TF,4.45,kg,37888.0,Koalition,"CODO 45° HDPE TF DE 200 mm (8"") SDR11 PN16"
02-03-001-011-225,Fittings,Codo 45°,HDPE,225,9,PN16,TF,4.79,kg,,,"CODO 45° HDPE TF DE 225 mm (9"") SDR11 PN16"
02-03-001-011-250,Fittings,Codo 45°,HDPE,250,10,PN16,TF,8.02,kg,69976.0,Koalition,"CODO 45° HDPE TF DE 250 mm (10"") SDR11 PN16"
02-03-001-011-280,Fittings,Codo 45°,HDPE,280,11,PN16,TF,11.25,kg,,,"CODO 45° HDPE TF DE 280 mm (11"") SDR11 PN16"
02-03-001-011-315,Fittings,Codo 45°,HDPE,315,12,PN16,TF,15.32,kg,123025.0,Koalition,"CODO 45° HDPE TF DE 315 mm (12"") SDR11 PN16"
02-03-002-017-063,Fittings,Codo 90°,HDPE,63,2,PN10,TF,0.16,kg,4062.0,Eurostandard,"CODO 90° HDPE TF DE 63 mm (2"") SDR17 PN10"
02-03-002-017-075,Fittings,Codo 90°,HDPE,75,2 1/2,PN10,TF,0.34,kg,5210.0,Eurostandard,"CODO 90° HDPE TF DE 75 mm (2 1/2"") SDR17 PN10"
02-03-002-017-090,Fittings,Codo 90°,HDPE,90,3,PN10,TF,0.36,kg,6987.0,Eurostandard,"CODO 90° HDPE TF DE 90 mm (3"") SDR17 PN10"
02-03-002-017-110,Fittings,Codo 90°,HDPE,110,4,PN10,TF,0.56,kg,10546.0,Eurostandard,"CODO 90° HDPE TF DE 110 mm (4"") SDR17 PN10"
02-03-002-017-125,Fittings,Codo 90°,HDPE,125,5,PN10,TF,1.3,kg,20205.0,Koalition,"CODO 90° HDPE TF DE 125 mm (5"") SDR17 PN10"
02-03-002-017-140,Fittings,Codo 90°,HDPE,140,5 1/2,PN10,TF,1.73,kg,,,"CODO 90° HDPE TF DE 140 mm (5 1/2"") SDR17 PN10"
02-03-002-017-160,Fittings,Codo 90°,HDPE,160,6,PN10,TF,2.04,kg,29385.0,Koalition,"CODO 90° HDPE TF DE 160 mm (6"") SDR17 PN10"
02-03-002-017-180,Fittings,Codo 90°,HDPE,180,7,PN10,TF,2.32,kg,,,"CODO 90° HDPE TF DE 180 mm (7"") SDR17 PN10"
02-03-002-017-200,Fittings,Codo 90°,HDPE,200,8,PN10,TF,3.43,kg,55623.0,Koalition,"CODO 90° HDPE TF DE 200 mm (8"") SDR17 PN10"
02-03-002-017-225,Fittings,Codo 90°,HDPE,225,9,PN10,TF,4.7,kg,,,"CODO 90° HDPE TF DE 225 mm (9"") SDR17 PN10"
02-03-002-017-250,Fittings,Codo 90°,HDPE,250,10,PN10,TF,5.21,kg,94888.0,Koalition,"CODO 90° HDPE TF DE 250 mm (10"") SDR17 PN10"
02-03-002-017-280,Fittings,Codo 90°,HDPE,280,11,PN10,TF,8.09,kg,,,"CODO 90° HDPE TF DE 280 mm (11"") SDR17 PN10"
02-03-002-017-315,Fittings,Codo 90°,HDPE,315,12,PN10,TF,11.03,kg,161823.0,Koalition,"CODO 90° HDPE TF DE 315 mm (12"") SDR17 PN10"
02-03-002-011-032,Fittings,Codo 90°,HDPE,32,1,PN16,TF,0.05,kg,,,"CODO 90° HDPE TF DE 32 mm (1"") SDR11 PN16"
02-03-002-011-040,Fittings,Codo 90°,HDPE,40,1 1/4,PN16,TF,0.08,kg,,,"CODO 90° HDPE TF DE 40 mm (1 1/4"") SDR11 PN16"
02-03-002-011-050,Fittings,Codo 90°,HDPE,50,1 1/2,PN16,TF,0.13,kg,3294.0,Eurostandard,"CODO 90° HDPE TF DE 50 mm (1 1/2"") SDR11 PN16"
02-03-002-011-063,Fittings,Codo 90°,HDPE,63,2,PN16,TF,0.22,kg,4062.0,Eurostandard,"CODO 90° HDPE TF DE 63 mm (2"") SDR11 PN16"
02-03-002-011-075,Fittings,Codo 90°,HDPE,75,2 1/2,PN16,TF,0.36,kg,5210.0,Eurostandard,"CODO 90° HDPE TF DE 75 mm (2 1/2"") SDR11 PN16"
02-03-002-011-090,Fittings,Codo 90°,HDPE,90,3,PN16,TF,0.54,kg,6987.0,Eurostandard,"CODO 90° HDPE TF DE 90 mm (3"") SDR11 PN16"
02-03-002-011-110,Fittings,Codo 90°,HDPE,110,4,PN16,TF,1.26,kg,10546.0,Eurostandard,"CODO 90° HDPE TF DE 110 mm (4"") SDR11 PN16"
02-03-002-011-125,Fittings,Codo 90°,HDPE,125,5,PN16,TF,1.41,kg,20205.0,Koalition,"CODO 90° HDPE TF DE 125 mm (5"") SDR11 PN16"
02-03-002-011-140,Fittings,Codo 90°,HDPE,140,5 1/2,PN16,TF,1.88,kg,,,"CODO 90° HDPE TF DE 140 mm (5 1/2"") SDR11 PN16"
02-03-002-011-160,Fittings,Codo 90°,HDPE,160,6,PN16,TF,2.55,kg,29385.0,Koalition,"CODO 90° HDPE TF DE 160 mm (6"") SDR11 PN16"
02-03-002-011-180,Fittings,Codo 90°,HDPE,180,7,PN16,TF,3.72,kg,,,"CODO 90° HDPE TF DE 180 mm (7"") SDR11 PN16"
02-03-002-011-200,Fittings,Codo 90°,HDPE,200,8,PN16,TF,5.12,kg,55623.0,Koalition,"CODO 90° HDPE TF DE 200 mm (8"") SDR11 PN16"
02-03-002-011-225,Fittings,Codo 90°,HDPE,225,9,PN16,TF,6.36,kg,,,"CODO 90° HDPE TF DE 225 mm (9"") SDR11 PN16"
02-03-002-011-250,Fittings,Codo 90°,HDPE,250,10,PN16,TF,8.02,kg,94888.0,Koalition,"CODO 90° HDPE TF DE 250 mm (10"") SDR11 PN16"
02-03-002-011-280,Fittings,Codo 90°,HDPE,280,11,PN16,TF,11.25,kg,,,"CODO 90° HDPE TF DE 280 mm (11"") SDR11 PN16"
02-03-002-011-315,Fittings,Codo 90°,HDPE,315,12,PN16,TF,15.32,kg,161823.0,Koalition,"CODO 90° HDPE TF DE 315 mm (12"") SDR11 PN16"
02-03-003-011-075-063,Fittings,Reduccion,HDPE,75,2 1/2-2,PN16,TF,0.21,kg,2646.0,Eurostandard,"REDUCCION HDPE TF DE 75-63 mm (2 1/2""-2"") SDR11 PN16"
02-03-003-011-090-063,Fittings,Reduccion,HDPE,90,3-2,PN16,TF,0.3,kg,3360.0,Eurostandard,"REDUCCION HDPE TF DE 90-63 mm (3""-2"") SDR11 PN16"
02-03-003-011-090-075,Fittings,Reduccion,HDPE,90,3-2 1/2,PN16,TF,0.33,kg,3360.0,Eurostandard,"REDUCCION HDPE TF DE 90-75 mm (3""-2 1/2"") SDR11 PN16"
02-03-003-011-110-063,Fittings,Reduccion,HDPE,110,4-2,PN16,TF,0.45,kg,5040.0,Eurostandard,"REDUCCION HDPE TF DE 110-63 mm (4""-2"") SDR11 PN16"
02-03-003-011-110-075,Fittings,Reduccion,HDPE,110,4-2 1/2,PN16,TF,0.48,kg,5040.0,Eurostandard,"REDUCCION HDPE TF DE 110-75 mm (4""-2 1/2"") SDR11 PN16"
02-03-003-011-110-090,Fittings,Reduccion,HDPE,110,4-3,PN16,TF,0.47,kg,5040.0,Eurostandard,"REDUCCION HDPE TF DE 110-90 mm (4""-3"") SDR11 PN16"
02-03-003-011-125-090,Fittings,Reduccion,HDPE,125,5-3,PN16,TF,0.66,kg,,,"REDUCCION HDPE TF DE 125-90 mm (5""-3"") SDR11 PN16"
02-03-003-011-125-110,Fittings,Reduccion,HDPE,125,5-4,PN16,TF,0.8,kg,,,"REDUCCION HDPE TF DE 125-110 mm (5""-4"") SDR11 PN16"
02-03-003-011-140-110,Fittings,Reduccion,HDPE,140,5 1/2-4,PN16,TF,0.92,kg,,,"REDUCCION HDPE TF DE 140-110 mm (5 1/2""-4"") SDR11 PN16"
02-03-003-011-140-125,Fittings,Reduccion,HDPE,140,5 1/2-5,PN16,TF,1.02,kg,,,"REDUCCION HDPE TF DE 140-125 mm (5 1/2""-5"") SDR11 PN16"
02-03-003-011-160-090,Fittings,Reduccion,HDPE,160,6-3,PN16,TF,1.11,kg,,,"REDUCCION HDPE TF DE 160-90 mm (6""-3"") SDR11 PN16"
02-03-003-011-160-110,Fittings,Reduccion,HDPE,160,6-4,PN16,TF,1.2,kg,,,"REDUCCION HDPE TF DE 160-110 mm (6""-4"") SDR11 PN16"
02-03-003-011-160-125,Fittings,Reduccion,HDPE,160,6-5,PN16,TF,1.29,kg,,,"REDUCCION HDPE TF DE 160-125 mm (6""-5"") SDR11 PN16"
02-03-003-011-160-140,Fittings,Reduccion,HDPE,160,6-5 1/2,PN16,TF,1.42,kg,,,"REDUCCION HDPE TF DE 160-140 mm (6""-5 1/2"") SDR11 PN16"
02-03-003-011-200-160,Fittings,Reduccion,HDPE,200,8-6,PN16,TF,2.43,kg,,,"REDUCCION HDPE TF DE 200-160 mm (8""-6"") SDR11 PN16"
02-03-003-011-250-160,Fittings,Reduccion,HDPE,250,10-6,PN16,TF,3.61,kg,,,"REDUCCION HDPE TF DE 250-160 mm (10""-6"") SDR11 PN16"
02-03-003-011-250-200,Fittings,Reduccion,HDPE,250,10-8,PN16,TF,4.1,kg,,,"REDUCCION HDPE TF DE 250-200 mm (10""-8"") SDR11 PN16"
02-03-013-011-032,Fittings,Tapon,HDPE,32,1,PN16,TF,0.02,kg,988.0,Koalition,"TAPON HDPE TF DE 32 mm (1"") SDR11 PN16"
02-03-013-011-040,Fittings,Tapon,HDPE,40,1 1/4,PN16,TF,0.03,kg,1118.0,Koalition,"TAPON HDPE TF DE 40 mm (1 1/4"") SDR11 PN16"
02-03-013-011-050,Fittings,Tapon,HDPE,50,1 1/2,PN16,TF,0.05,kg,1326.0,Koalition,"TAPON HDPE TF DE 50 mm (1 1/2"") SDR11 PN16"
02-03-013-011-063,Fittings,Tapon,HDPE,63,2,PN16,TF,0.09,kg,1794.0,Koalition,"TAPON HDPE TF DE 63 mm (2"") SDR11 PN16"
02-03-013-011-075,Fittings,Tapon,HDPE,75,2 1/2,PN16,TF,0.17,kg,2782.0,Koalition,"TAPON HDPE TF DE 75 mm (2 1/2"") SDR11 PN16"
02-03-013-011-090,Fittings,Tapon,HDPE,90,3,PN16,TF,0.24,kg,3718.0,Koalition,"TAPON HDPE TF DE 90 mm (3"") SDR11 PN16"
02-03-013-011-110,Fittings,Tapon,HDPE,110,4,PN16,TF,0.37,kg,5539.0,Koalition,"TAPON HDPE TF DE 110 mm (4"") SDR11 PN16"
02-03-013-011-125,Fittings,Tapon,HDPE,125,5,PN16,TF,0.54,kg,7905.0,Koalition,"TAPON HDPE TF DE 125 mm (5"") SDR11 PN16"
02-03-013-011-140,Fittings,Tapon,HDPE,140,5 1/2,PN16,TF,0.75,kg,,,"TAPON HDPE TF DE 140 mm (5 1/2"") SDR11 PN16"
02-03-013-011-160,Fittings,Tapon,HDPE,160,6,PN16,TF,1.1,kg,14120.0,Koalition,"TAPON HDPE TF DE 160 mm (6"") SDR11 PN16"
02-03-004-011-090-090-090,Fittings,Tee igual,HDPE,90,3-3-3,PN16,TF,0.94,kg,20790.0,Eurostandard,"TEE IGUAL HDPE TF DE 90-90-90 mm (3""-3""-3"") SDR11 PN16"
02-03-004-011-110-110-110,Fittings,Tee igual,HDPE,110,4-4-4,PN16,TF,1.4,kg,16380.0,Eurostandard,"TEE IGUAL HDPE TF DE 110-110-110 mm (4""-4""-4"") SDR11 PN16"
02-03-004-011-125-125-125,Fittings,Tee igual,HDPE,125,5-5-5,PN16,TF,2.26,kg,29046.0,Koalition,"TEE IGUAL HDPE TF DE 125-125-125 mm (5""-5""-5"") SDR11 PN16"
02-03-004-011-160-160-160,Fittings,Tee igual,HDPE,160,6-6-6,PN16,TF,4.33,kg,35003.0,Koalition,"TEE IGUAL HDPE TF DE 160-160-160 mm (6""-6""-6"") SDR11 PN16"
02-03-004-017-090-090-090,Fittings,Tee igual,HDPE,90,3-3-3,PN10,TF,0.88,kg,20790.0,Eurostandard,"TEE IGUAL HDPE TF DE 90-90-90 mm (3""-3""-3"") SDR17 PN10"
02-03-004-017-110-110-110,Fittings,Tee igual,HDPE,110,4-4-4,PN10,TF,1.26,kg,16380.0,Eurostandard,"TEE IGUAL HDPE TF DE 110-110-110 mm (4""-4""-4"") SDR17 PN10"
02-03-004-017-125-125-125,Fittings,Tee igual,HDPE,125,5-5-5,PN10,TF,1.63,kg,29046.0,Koalition,"TEE IGUAL HDPE TF DE 125-125-125 mm (5""-5""-5"") SDR17 PN10"
02-03-004-017-160-160-160,Fittings,Tee igual,HDPE,160,6-6-6,PN10,TF,3.13,kg,35003.0,Koalition,"TEE IGUAL HDPE TF DE 160-160-160 mm (6""-6""-6"") SDR17 PN10"
02-03-004-017-200-200-200,Fittings,Tee igual,HDPE,200,8-8-8,PN10,TF,5.35,kg,62358.0,Koalition,"TEE IGUAL HDPE TF DE 200-200-200 mm (8""-8""-8"") SDR17 PN10"
02-03-004-017-225-225-225,Fittings,Tee igual,HDPE,225,9-9-9,PN10,TF,7.48,kg,79026.0,Koalition,"TEE IGUAL HDPE TF DE 225-225-225 mm (9""-9""-9"") SDR17 PN10"
02-03-004-017-250-250-250,Fittings,Tee igual,HDPE,250,10-10-10,PN10,TF,10.14,kg,99126.0,Koalition,"TEE IGUAL HDPE TF DE 250-250-250 mm (10""-10""-10"") SDR17 PN10"
02-03-004-017-315-315-315,Fittings,Tee igual,HDPE,315,12-12-12,PN10,TF,20.09,kg,186085.0,Koalition,"TEE IGUAL HDPE TF DE 315-315-315 mm (12""-12""-12"") SDR17 PN10"
03-02-001-116-015-020,Bridas,Brida loca plana,Acero galvanizado,15,1/2-1/2,PN10/16,B,0.64,kg,,,"BRIDA LOCA PLANA ACERO GALV. B DN/DE 15-20 mm (1/2""-1/2"") DIN 16963 PN10/16"
03-02-001-116-020-025,Bridas,Brida loca plana,Acero galvanizado,20,1/2-3/4,PN10/16,B,0.78,kg,,,"BRIDA LOCA PLANA ACERO GALV. B DN/DE 20-25 mm (1/2""-3/4"") DIN 16963 PN10/16"
03-02-001-116-025-032,Bridas,Brida loca plana,Acero galvanizado,25,3/4-1,PN10/16,B,0.91,kg,,,"BRIDA LOCA PLANA ACERO GALV. B DN/DE 25-32 mm (3/4""-1"") DIN 16963 PN10/16"
03-02-001-116-032-040,Bridas,Brida loca plana,Acero galvanizado,32,1-1 1/4,PN10/16,B,1.74,kg,,,"BRIDA LOCA PLANA ACERO GALV. B DN/DE 32-40 mm (1""-1 1/4"") DIN 16963 PN10/16"
03-02-001-116-040-050,Bridas,Brida loca plana,Acero galvanizado,40,1 1/4-1 1/2,PN10/16,B,1.93,kg,,,"BRIDA LOCA PLANA ACERO GALV. B DN/DE 40-50 mm (1 1/4""-1 1/2"") DIN 16963 PN10/16"
03-02-001-116-050-063,Bridas,Brida loca plana,Acero galvanizado,50,1 1/2-2,PN10/16,B,2.25,kg,,,"BRIDA LOCA PLANA ACERO GALV. B DN/DE 50-63 mm (1 1/2""-2"") DIN 16963 PN10/16"
03-02-001-116-065-075,Bridas,Brida loca plana,Acero galvanizado,65,2 1/2-2 1/2,PN10/16,B,2.72,kg,,,"BRIDA LOCA PLANA ACERO GALV. B DN/DE 65-75 mm (2 1/2""-2 1/2"") DIN 16963 PN10/16"
03-02-001-116-080-090,Bridas,Brida loca plana,Acero galvanizado,80,3-3,PN10/16,B,2.83,kg,,,"BRIDA LOCA PLANA ACERO GALV. B DN/DE 80-90 mm (3""-3"") DIN 16963 PN10/16"
03-02-001-116-100-110,Bridas,Brida loca plana,Acero galvanizado,100,4-4,PN10/16,B,3.27,kg,,,"BRIDA LOCA PLANA ACERO GALV. B DN/DE 100-110 mm (4""-4"") DIN 16963 PN10/16"
03-02-001-116-100-125,Bridas,Brida loca plana,Acero galvanizado,100,4-5,PN10/16,B,3.06,kg,,,"BRIDA LOCA PLANA ACERO GALV. B DN/DE 100-125 mm (4""-5"") DIN 16963 PN10/16"
03-02-001-116-125,Bridas,Brida loca plana,Acero galvanizado,125,5,PN10/16,B,4.63,kg,,,"BRIDA LOCA PLANA ACERO GALV. B DN/DE 125 mm (5"") DIN 16963 PN10/16"
03-02-001-116-125-140,Bridas,Brida loca plana,Acero galvanizado,125,5-5 1/2,PN10/16,B,3.88,kg,,,"BRIDA LOCA PLANA ACERO GALV. B DN/DE 125-140 mm (5""-5 1/2"") DIN 16963 PN10/16"
03-02-001-116-150-160,Bridas,Brida loca plana,Acero galvanizado,150,6-6,PN10/16,B,6.19,kg,,,"BRIDA LOCA PLANA ACERO GALV. B DN/DE 150-160 mm (6""-6"") DIN 16963 PN10/16"
03-02-001-116-150-180,Bridas,Brida loca plana,Acero galvanizado,150,6-7,PN10/16,B,5.7,kg,,,"BRIDA LOCA PLANA ACERO GALV. B DN/DE 150-180 mm (6""-7"") DIN 16963 PN10/16"
03-02-001-010-200,Bridas,Brida loca plana,Acero galvanizado,200,8,PN10,B,7.66,kg,,,"BRIDA LOCA PLANA ACERO GALV. B DN/DE 200 mm (8"") DIN 16963 PN10"
03-02-001-016-200,Bridas,Brida loca plana,Acero galvanizado,200,8,PN16,B,7.4,kg,,,"BRIDA LOCA PLANA ACERO GALV. B DN/DE 200 mm (8"") DIN 16963 PN16"
03-02-001-016-200-225,Bridas,Brida loca plana,Acero galvanizado,200,8-9,PN16,B,7.21,kg,,,"BRIDA LOCA PLANA ACERO GALV. B DN/DE 200-225 mm (8""-9"") DIN 16963 PN16"
03-02-001-010-250,Bridas,Brida loca plana,Acero galvanizado,250,10,PN10,B,9.12,kg,,,"BRIDA LOCA PLANA ACERO GALV. B DN/DE 250 mm (10"") DIN 16963 PN10"
03-02-001-016-250,Bridas,Brida loca plana,Acero galvanizado,250,10,PN16,B,11.7,kg,,,"BRIDA LOCA PLANA ACERO GALV. B DN/DE 250 mm (10"") DIN 16963 PN16"
03-02-001-010-300-315,Bridas,Brida loca plana,Acero galvanizado,300,12-12,PN10,B,12.44,kg,,,"BRIDA LOCA PLANA ACERO GALV. B DN/DE 300-315 mm (12""-12"") DIN 16963 PN10"
03-02-001-016-300-315,Bridas,Brida loca plana,Acero galvanizado,300,12-12,PN16,B,14.31,kg,,,"BRIDA LOCA PLANA ACERO GALV. B DN/DE 300-315 mm (12""-12"") DIN 16963 PN16"
03-02-001-010-350-355,Bridas,Brida loca plana,Acero galvanizado,350,14-14,PN10,B,14.36,kg,,,"BRIDA LOCA PLANA ACERO GALV. B DN/DE 350-355 mm (14""-14"") DIN 16963 PN10"
03-02-001-016-350-355,Bridas,Brida loca plana,Acero galvanizado,350,14-14,PN16,B,21.92,kg,,,"BRIDA LOCA PLANA ACERO GALV. B DN/DE 350-355 mm (14""-14"") DIN 16963 PN16"
03-02-001-010-400,Bridas,Brida loca plana,Acero galvanizado,400,16,PN10,B,24.43,kg,,,"BRIDA LOCA PLANA ACERO GALV. B DN/DE 400 mm (16"") DIN 16963 PN10"
03-02-001-016-400,Bridas,Brida loca plana,Acero galvanizado,400,16,PN16,B,27.41,kg,,,"BRIDA LOCA PLANA ACERO GALV. B DN/DE 400 mm (16"") DIN 16963 PN16"
03-01-002-116-015,Bridas,Brida ciega,Acero carbono,15,1/2,PN10/16,B,0.72,kg,,,"BRIDA CIEGA ACERO CARBONO B DN 15 mm (1/2"") DIN 2527 PN10/16"
03-01-002-116-020,Bridas,Brida ciega,Acero carbono,20,3/4,PN10/16,B,1.01,kg,,,"BRIDA CIEGA ACERO CARBONO B DN 20 mm (3/4"") DIN 2527 PN10/16"
03-01-002-116-025,Bridas,Brida ciega,Acero carbono,25,1,PN10/16,B,1.23,kg,,,"BRIDA CIEGA ACERO CARBONO B DN 25 mm (1"") DIN 2527 PN10/16"
03-01-002-116-032,Bridas,Brida ciega,Acero carbono,32,1 1/4,PN10/16,B,1.8,kg,,,"BRIDA CIEGA ACERO CARBONO B DN 32 mm (1 1/4"") DIN 2527 PN10/16"
03-01-002-116-040,Bridas,Brida ciega,Acero carbono,40,1 1/2,PN10/16,B,2.09,kg,,,"BRIDA CIEGA ACERO CARBONO B DN 40 mm (1 1/2"") DIN 2527 PN10/16"
03-01-002-116-050,Bridas,Brida ciega,Acero carbono,50,2,PN10/16,B,2.88,kg,,,"BRIDA CIEGA ACERO CARBONO B DN 50 mm (2"") DIN 2527 PN10/16"
03-01-002-116-065,Bridas,Brida ciega,Acero carbono,65,2 1/2,PN10/16,B,3.66,kg,,,"BRIDA CIEGA ACERO CARBONO B DN 65 mm (2 1/2"") DIN 2527 PN10/16"
03-01-002-016-080,Bridas,Brida ciega,Acero carbono,80,3,PN16,B,4.77,kg,,,"BRIDA CIEGA ACERO CARBONO B DN 80 mm (3"") DIN 2527 PN16"
03-01-002-116-100,Bridas,Brida ciega,Acero carbono,100,4,PN10/16,B,5.65,kg,,,"BRIDA CIEGA ACERO CARBONO B DN 100 mm (4"") DIN 2527 PN10/16"
03-01-002-116-125,Bridas,Brida ciega,Acero carbono,125,5,PN10/16,B,8.42,kg,,,"BRIDA CIEGA ACERO CARBONO B DN 125 mm (5"") DIN 2527 PN10/16"
03-01-002-116-150,Bridas,Brida ciega,Acero carbono,150,6,PN10/16,B,10.4,kg,,,"BRIDA CIEGA ACERO CARBONO B DN 150 mm (6"") DIN 2527 PN10/16"
03-01-002-016-200,Bridas,Brida ciega,Acero carbono,200,8,PN16,B,16.1,kg,,,"BRIDA CIEGA ACERO CARBONO B DN 200 mm (8"") DIN 2527 PN16"
03-01-002-016-250,Bridas,Brida ciega,Acero carbono,250,10,PN16,B,24.9,kg,,,"BRIDA CIEGA ACERO CARBONO B DN 250 mm (10"") DIN 2527 PN16"
03-01-002-016-300,Bridas,Brida ciega,Acero carbono,300,12,PN16,B,35.1,kg,,,"BRIDA CIEGA ACERO CARBONO B DN 300 mm (12"") DIN 2527 PN16"
03-01-002-016-350,Bridas,Brida ciega,Acero carbono,350,14,PN16,B,47.8,kg,,,"BRIDA CIEGA ACERO CARBONO B DN 350 mm (14"") DIN 2527 PN16"
03-01-002-016-400,Bridas,Brida ciega,Acero carbono,400,16,PN16,B,63.5,kg,,,"BRIDA CIEGA ACERO CARBONO B DN 400 mm (16"") DIN 2527 PN16"
03-01-002-016-450,Bridas,Brida ciega,Acero carbono,450,18,PN16,B,91.0,kg,,,"BRIDA CIEGA ACERO CARBONO B DN 450 mm (18"") DIN 2527 PN16"
03-01-002-016-500,Bridas,Brida ciega,Acero carbono,500,20,PN16,B,102.0,kg,,,"BRIDA CIEGA ACERO CARBONO B DN 500 mm (20"") DIN 2527 PN16"
03-01-005-010-200,Bridas,Brida cuello soldar,Acero carbono,200,8,PN10,SOLDAR,11.3,kg,25108.0,Hidrocentro Paicavi,"BRIDA CUELLO SOLDAR ACERO CARBONO SOLDAR DN 200 mm (8"") DIN 2632 PN10"
03-01-005-010-250,Bridas,Brida cuello soldar,Acero carbono,250,10,PN10,SOLDAR,14.7,kg,40863.0,Hidrocentro Paicavi,"BRIDA CUELLO SOLDAR ACERO CARBONO SOLDAR DN 250 mm (10"") DIN 2632 PN10"
03-01-005-010-300,Bridas,Brida cuello soldar,Acero carbono,300,12,PN10,SOLDAR,17.4,kg,,,"BRIDA CUELLO SOLDAR ACERO CARBONO SOLDAR DN 300 mm (12"") DIN 2632 PN10"
03-01-005-010-350,Bridas,Brida cuello soldar,Acero carbono,350,14,PN10,SOLDAR,23.6,kg,,,"BRIDA CUELLO SOLDAR ACERO CARBONO SOLDAR DN 350 mm (14"") DIN 2632 PN10"
03-01-005-010-400,Bridas,Brida cuello soldar,Acero carbono,400,16,PN10,SOLDAR,28.6,kg,,,"BRIDA CUELLO SOLDAR ACERO CARBONO SOLDAR DN 400 mm (16"") DIN 2632 PN10"
03-01-005-010-450,Bridas,Brida cuello soldar,Acero carbono,450,18,PN10,SOLDAR,35.1,kg,,,"BRIDA CUELLO SOLDAR ACERO CARBONO SOLDAR DN 450 mm (18"") DIN 2632 PN10"
03-01-005-010-500,Bridas,Brida cuello soldar,Acero carbono,500,20,PN10,SOLDAR,38.1,kg,,,"BRIDA CUELLO SOLDAR ACERO CARBONO SOLDAR DN 500 mm (20"") DIN 2632 PN10"
03-01-006-006-015,Bridas,Brida plana,Acero carbono,15,1/2,PN6,B,0.4,kg,,,"BRIDA PLANA ACERO CARBONO B DN 15 mm (1/2"") EN 1092-1 PN6"
03-01-006-006-020,Bridas,Brida plana,Acero carbono,20,3/4,PN6,B,0.59,kg,,,"BRIDA PLANA ACERO CARBONO B DN 20 mm (3/4"") EN 1092-1 PN6"
03-01-006-006-025,Bridas,Brida plana,Acero carbono,25,1,PN6,B,0.72,kg,,,"BRIDA PLANA ACERO CARBONO B DN 25 mm (1"") EN 1092-1 PN6"
03-01-006-006-032,Bridas,Brida plana,Acero carbono,32,1 1/4,PN6,B,1.16,kg,,,"BRIDA PLANA ACERO CARBONO B DN 32 mm (1 1/4"") EN 1092-1 PN6"
03-01-006-006-040,Bridas,Brida plana,Acero carbono,40,1 1/2,PN6,B,1.35,kg,,,"BRIDA PLANA ACERO CARBONO B DN 40 mm (1 1/2"") EN 1092-1 PN6"
03-01-006-006-050,Bridas,Brida plana,Acero carbono,50,2,PN6,B,1.48,kg,,,"BRIDA PLANA ACERO CARBONO B DN 50 mm (2"") EN 1092-1 PN6"
03-01-006-006-065,Bridas,Brida plana,Acero carbono,65,2 1/2,PN6,B,1.86,kg,,,"BRIDA PLANA ACERO CARBONO B DN 65 mm (2 1/2"") EN 1092-1 PN6"
03-01-006-006-080,Bridas,Brida plana,Acero carbono,80,3,PN6,B,2.95,kg,,,"BRIDA PLANA ACERO CARBONO B DN 80 mm (3"") EN 1092-1 PN6"
03-01-006-006-100,Bridas,Brida plana,Acero carbono,100,4,PN6,B,3.26,kg,,,"BRIDA PLANA ACERO CARBONO B DN 100 mm (4"") EN 1092-1 PN6"
03-01-006-006-125,Bridas,Brida plana,Acero carbono,125,5,PN6,B,4.31,kg,,,"BRIDA PLANA ACERO CARBONO B DN 125 mm (5"") EN 1092-1 PN6"
03-01-006-006-150,Bridas,Brida plana,Acero carbono,150,6,PN6,B,4.76,kg,,,"BRIDA PLANA ACERO CARBONO B DN 150 mm (6"") EN 1092-1 PN6"
03-01-006-006-200,Bridas,Brida plana,Acero carbono,200,8,PN6,B,6.88,kg,,,"BRIDA PLANA ACERO CARBONO B DN 200 mm (8"") EN 1092-1 PN6"
03-01-006-010-200,Bridas,Brida plana,Acero carbono,200,8,PN10,B,9.27,kg,,,"BRIDA PLANA ACERO CARBONO B DN 200 mm (8"") EN 1092-1 PN10"
03-01-006-006-250,Bridas,Brida plana,Acero carbono,250,10,PN6,B,8.92,kg,,,"BRIDA PLANA ACERO CARBONO B DN 250 mm (10"") EN 1092-1 PN6"
03-01-006-010-250,Bridas,Brida plana,Acero carbono,250,10,PN10,B,11.8,kg,,,"BRIDA PLANA ACERO CARBONO B DN 250 mm (10"") EN 1092-1 PN10"
03-01-006-006-300,Bridas,Brida plana,Acero carbono,300,12,PN6,B,11.9,kg,,,"BRIDA PLANA ACERO CARBONO B DN 300 mm (12"") EN 1092-1 PN6"
03-01-006-010-300,Bridas,Brida plana,Acero carbono,300,12,PN10,B,13.6,kg,,,"BRIDA PLANA ACERO CARBONO B DN 300 mm (12"") EN 1092-1 PN10"
03-01-006-006-350,Bridas,Brida plana,Acero carbono,350,14,PN6,B,16.8,kg,,,"BRIDA PLANA ACERO CARBONO B DN 350 mm (14"") EN 1092-1 PN6"
03-01-006-010-350,Bridas,Brida plana,Acero carbono,350,14,PN10,B,20.4,kg,,,"BRIDA PLANA ACERO CARBONO B DN 350 mm (14"") EN 1092-1 PN10"
03-01-006-006-400,Bridas,Brida plana,Acero carbono,400,16,PN6,B,19.8,kg,,,"BRIDA PLANA ACERO CARBONO B DN 400 mm (16"") EN 1092-1 PN6"
03-01-006-010-400,Bridas,Brida plana,Acero carbono,400,16,PN10,B,27.5,kg,,,"BRIDA PLANA ACERO CARBONO B DN 400 mm (16"") EN 1092-1 PN10"
03-01-006-006-450,Bridas,Brida plana,Acero carbono,450,18,PN6,B,24.6,kg,,,"BRIDA PLANA ACERO CARBONO B DN 450 mm (18"") EN 1092-1 PN6"
03-01-006-010-450,Bridas,Brida plana,Acero carbono,450,18,PN10,B,33.6,kg,,,"BRIDA PLANA ACERO CARBONO B DN 450 mm (18"") EN 1092-1 PN10"
03-01-006-006-500,Bridas,Brida plana,Acero carbono,500,20,PN6,B,26.4,kg,,,"BRIDA PLANA ACERO CARBONO B DN 500 mm (20"") EN 1092-1 PN6"
03-01-006-010-500,Bridas,Brida plana,Acero carbono,500,20,PN10,B,40.2,kg,,,"BRIDA PLANA ACERO CARBONO B DN 500 mm (20"") EN 1092-1 PN10"
03-01-006-010-600,Bridas,Brida plana,Acero carbono,600,24,PN10,B,54.5,kg,,,"BRIDA PLANA ACERO CARBONO B DN 600 mm (24"") EN 1092-1 PN10"
03-01-007-116-040,Bridas,Brida plana regadio,Acero carbono,40,1 1/2,PN10/16,B,1.38,kg,,,"BRIDA PLANA REGADIO ACERO CARBONO B DN 40 mm (1 1/2"") DIN 2576 PN10/16"
03-01-007-116-050,Bridas,Brida plana regadio,Acero carbono,50,2,PN10/16,B,1.64,kg,,,"BRIDA PLANA REGADIO ACERO CARBONO B DN 50 mm (2"") DIN 2576 PN10/16"
03-01-007-116-065,Bridas,Brida plana regadio,Acero carbono,65,2 1/2,PN10/16,B,2.0,kg,,,"BRIDA PLANA REGADIO ACERO CARBONO B DN 65 mm (2 1/2"") DIN 2576 PN10/16"
03-01-007-010-080,Bridas,Brida plana regadio,Acero carbono,80,3,PN10,B,2.37,kg,,,"BRIDA PLANA REGADIO ACERO CARBONO B DN 80 mm (3"") DIN 2576 PN10"
03-01-007-016-080,Bridas,Brida plana regadio,Acero carbono,80,3,PN16,B,2.37,kg,,,"BRIDA PLANA REGADIO ACERO CARBONO B DN 80 mm (3"") DIN 2576 PN16"
03-01-007-116-100,Bridas,Brida plana regadio,Acero carbono,100,4,PN10/16,B,2.41,kg,,,"BRIDA PLANA REGADIO ACERO CARBONO B DN 100 mm (4"") DIN 2576 PN10/16"
03-01-007-116-125,Bridas,Brida plana regadio,Acero carbono,125,5,PN10/16,B,2.97,kg,,,"BRIDA PLANA REGADIO ACERO CARBONO B DN 125 mm (5"") DIN 2576 PN10/16"
03-01-007-116-150,Bridas,Brida plana regadio,Acero carbono,150,6,PN10/16,B,4.18,kg,,,"BRIDA PLANA REGADIO ACERO CARBONO B DN 150 mm (6"") DIN 2576 PN10/16"
03-01-007-010-200,Bridas,Brida plana regadio,Acero carbono,200,8,PN10,B,5.45,kg,,,"BRIDA PLANA REGADIO ACERO CARBONO B DN 200 mm (8"") DIN 2576 PN10"
03-01-007-016-200,Bridas,Brida plana regadio,Acero carbono,200,8,PN16,B,5.45,kg,,,"BRIDA PLANA REGADIO ACERO CARBONO B DN 200 mm (8"") DIN 2576 PN16"
03-01-007-010-250,Bridas,Brida plana regadio,Acero carbono,250,10,PN10,B,6.4,kg,,,"BRIDA PLANA REGADIO ACERO CARBONO B DN 250 mm (10"") DIN 2576 PN10"
03-01-007-010-300,Bridas,Brida plana regadio,Acero carbono,300,12,PN10,B,7.43,kg,,,"BRIDA PLANA REGADIO ACERO CARBONO B DN 300 mm (12"") DIN 2576 PN10"
03-02-004-116-015,Bridas,Brida roscada,Acero galvanizado,15,1/2,PN10/16,ROSCADA,0.67,kg,,,"BRIDA ROSCADA ACERO GALV. ROSCADA DN 15 mm (1/2"") DIN 2576 PN10/16"
03-02-004-116-020,Bridas,Brida roscada,Acero galvanizado,20,3/4,PN10/16,ROSCADA,0.94,kg,,,"BRIDA ROSCADA ACERO GALV. ROSCADA DN 20 mm (3/4"") DIN 2576 PN10/16"
03-02-004-116-025,Bridas,Brida roscada,Acero galvanizado,25,1,PN10/16,ROSCADA,1.11,kg,,,"BRIDA ROSCADA ACERO GALV. ROSCADA DN 25 mm (1"") DIN 2576 PN10/16"
03-02-004-116-032,Bridas,Brida roscada,Acero galvanizado,32,1 1/4,PN10/16,ROSCADA,1.62,kg,,,"BRIDA ROSCADA ACERO GALV. ROSCADA DN 32 mm (1 1/4"") DIN 2576 PN10/16"
03-02-004-116-040,Bridas,Brida roscada,Acero galvanizado,40,1 1/2,PN10/16,ROSCADA,1.86,kg,,,"BRIDA ROSCADA ACERO GALV. ROSCADA DN 40 mm (1 1/2"") DIN 2576 PN10/16"
03-02-004-116-050,Bridas,Brida roscada,Acero galvanizado,50,2,PN10/16,ROSCADA,2.47,kg,,,"BRIDA ROSCADA ACERO GALV. ROSCADA DN 50 mm (2"") DIN 2576 PN10/16"
03-02-004-116-065,Bridas,Brida roscada,Acero galvanizado,65,2 1/2,PN10/16,ROSCADA,3.0,kg,,,"BRIDA ROSCADA ACERO GALV. ROSCADA DN 65 mm (2 1/2"") DIN 2576 PN10/16"
03-02-004-010-080,Bridas,Brida roscada,Acero galvanizado,80,3,PN10,ROSCADA,3.79,kg,,,"BRIDA ROSCADA ACERO GALV. ROSCADA DN 80 mm (3"") DIN 2576 PN10"
03-02-004-016-080,Bridas,Brida roscada,Acero galvanizado,80,3,PN16,ROSCADA,3.79,kg,,,"BRIDA ROSCADA ACERO GALV. ROSCADA DN 80 mm (3"") DIN 2576 PN16"
03-02-004-116-100,Bridas,Brida roscada,Acero galvanizado,100,4,PN10/16,ROSCADA,4.03,kg,,,"BRIDA ROSCADA ACERO GALV. ROSCADA DN 100 mm (4"") DIN 2576 PN10/16"
03-02-004-116-125,Bridas,Brida roscada,Acero galvanizado,125,5,PN10/16,ROSCADA,5.46,kg,,,"BRIDA ROSCADA ACERO GALV. ROSCADA DN 125 mm (5"") DIN 2576 PN10/16"
03-02-004-116-150,Bridas,Brida roscada,Acero galvanizado,150,6,PN10/16,ROSCADA,6.57,kg,,,"BRIDA ROSCADA ACERO GALV. ROSCADA DN 150 mm (6"") DIN 2576 PN10/16"
05-05-001-010-032,Juntas de expansion,Junta de expansion,EPDM/Acero carbono zincado,32,1 1/4,PN10,B,2.46,kg,,,"JUNTA EXPANSION EPDM/ACERO CARB. ZINCADO B DN 32 mm (1 1/4"") ANSI 150 PN10"
05-05-001-010-040,Juntas de expansion,Junta de expansion,EPDM/Acero carbono zincado,40,1 1/2,PN10,B,2.8,kg,,,"JUNTA EXPANSION EPDM/ACERO CARB. ZINCADO B DN 40 mm (1 1/2"") ANSI 150 PN10"
05-05-001-010-050,Juntas de expansion,Junta de expansion,EPDM/Acero carbono zincado,50,2,PN10,B,3.9,kg,,,"JUNTA EXPANSION EPDM/ACERO CARB. ZINCADO B DN 50 mm (2"") ANSI 150 PN10"
05-05-001-010-065,Juntas de expansion,Junta de expansion,EPDM/Acero carbono zincado,65,2 1/2,PN10,B,4.77,kg,,,"JUNTA EXPANSION EPDM/ACERO CARB. ZINCADO B DN 65 mm (2 1/2"") ANSI 150 PN10"
05-05-001-010-080,Juntas de expansion,Junta de expansion,EPDM/Acero carbono zincado,80,3,PN10,B,5.92,kg,,,"JUNTA EXPANSION EPDM/ACERO CARB. ZINCADO B DN 80 mm (3"") ANSI 150 PN10"
05-05-001-010-100,Juntas de expansion,Junta de expansion,EPDM/Acero carbono zincado,100,4,PN10,B,7.26,kg,,,"JUNTA EXPANSION EPDM/ACERO CARB. ZINCADO B DN 100 mm (4"") ANSI 150 PN10"
05-05-001-010-125,Juntas de expansion,Junta de expansion,EPDM/Acero carbono zincado,125,5,PN10,B,9.2,kg,,,"JUNTA EXPANSION EPDM/ACERO CARB. ZINCADO B DN 125 mm (5"") ANSI 150 PN10"
05-05-001-010-150,Juntas de expansion,Junta de expansion,EPDM/Acero carbono zincado,150,6,PN10,B,11.78,kg,,,"JUNTA EXPANSION EPDM/ACERO CARB. ZINCADO B DN 150 mm (6"") ANSI 150 PN10"
05-05-001-010-200,Juntas de expansion,Junta de expansion,EPDM/Acero carbono zincado,200,8,PN10,B,17.4,kg,,,"JUNTA EXPANSION EPDM/ACERO CARB. ZINCADO B DN 200 mm (8"") ANSI 150 PN10"
05-05-001-010-250,Juntas de expansion,Junta de expansion,EPDM/Acero carbono zincado,250,10,PN10,B,24.76,kg,,,"JUNTA EXPANSION EPDM/ACERO CARB. ZINCADO B DN 250 mm (10"") ANSI 150 PN10"
05-05-001-010-300,Juntas de expansion,Junta de expansion,EPDM/Acero carbono zincado,300,12,PN10,B,33.7,kg,,,"JUNTA EXPANSION EPDM/ACERO CARB. ZINCADO B DN 300 mm (12"") ANSI 150 PN10"
05-05-001-010-350,Juntas de expansion,Junta de expansion,EPDM/Acero carbono zincado,350,14,PN10,B,45.9,kg,,,"JUNTA EXPANSION EPDM/ACERO CARB. ZINCADO B DN 350 mm (14"") ANSI 150 PN10"
05-05-001-010-400,Juntas de expansion,Junta de expansion,EPDM/Acero carbono zincado,400,16,PN10,B,53.0,kg,,,"JUNTA EXPANSION EPDM/ACERO CARB. ZINCADO B DN 400 mm (16"") ANSI 150 PN10"
05-05-001-010-450,Juntas de expansion,Junta de expansion,EPDM/Acero carbono zincado,450,18,PN10,B,55.42,kg,,,"JUNTA EXPANSION EPDM/ACERO CARB. ZINCADO B DN 450 mm (18"") ANSI 150 PN10"
05-05-001-010-500,Juntas de expansion,Junta de expansion,EPDM/Acero carbono zincado,500,20,PN10,B,68.8,kg,,,"JUNTA EXPANSION EPDM/ACERO CARB. ZINCADO B DN 500 mm (20"") ANSI 150 PN10"
01-02-001-040-168,Tuberias,Tuberia,Acero galvanizado,168,6,SCH40,EP,28.26,kg/m,,,"TUBERIA ACERO GALV. EP DE/DN 168,3 mm (6"") SCH40 L = 6 m"
01-02-001-040-114,Tuberias,Tuberia,Acero galvanizado,114,4,SCH40,EP,16.07,kg/m,122574.0,COTIZACION,"TUBERIA ACERO GALV. EP DE/DN 114,3 mm (4"") SCH40 L = 6 m"
01-02-001-040-060,Tuberias,Tuberia,Acero galvanizado,60,2,SCH40,EP,5.44,kg/m,39079.0,COTIZACION,"TUBERIA ACERO GALV. EP DE/DN 60,3 mm (2"") SCH40 L = 6 m"
01-02-001-040-076,Tuberias,Tuberia,Acero galvanizado,76,2 1/2,SCH40,EP,8.63,kg/m,235076.0,COTIZACION,"TUBERIA ACERO GALV. EP DE/DN 76,1 mm (2 1/2"") SCH40 L = 6 m"
01-02-001-040-089,Tuberias,Tuberia,Acero galvanizado,88,3,SCH40,EP,11.29,kg/m,307781.0,COTIZACION,"TUBERIA ACERO GALV. EP DE/DN 88,9 mm (3"") SCH40 L = 6 m"
01-02-001-040-219,Tuberias,Tuberia,Acero galvanizado,219,8,SCH40,EP,42.55,kg/m,,,"TUBERIA ACERO GALV. EP DE/DN 219,1 mm (8"") SCH40 L = 6 m"
01-02-001-040-273,Tuberias,Tuberia,Acero galvanizado,273,10,SCH40,EP,60.29,kg/m,,,"TUBERIA ACERO GALV. EP DE/DN 273 mm (10"") SCH40 L = 6 m"
01-02-001-001-324,Tuberias,Tuberia,Acero galvanizado,323,12,STD,EP,73.88,kg/m,,,"TUBERIA ACERO GALV. EP DE/DN 323,9 mm (12"") STD L = 6 m"
02-03-013-000-025,Fittings,Tapon,HDPE,25,3/4,PN10/PN16,EF,,kg/unit,5282.0,RESCO,"TAPON HDPE EF DE/DN 25 mm (3/4"") PN10/PN16"
02-03-013-000-032,Fittings,Tapon,HDPE,32,1,PN10/PN16,EF,,kg/unit,5860.0,RESCO,"TAPON HDPE EF DE/DN 32 mm (1"") PN10/PN16"
02-03-013-000-040,Fittings,Tapon,HDPE,40,1 1/4,PN10/PN16,EF,,kg/unit,6772.0,RESCO,"TAPON HDPE EF DE/DN 40 mm (1 1/4"") PN10/PN16"
02-03-013-000-050,Fittings,Tapon,HDPE,50,1 1/2,PN10/PN16,EF,,kg/unit,8726.0,RESCO,"TAPON HDPE EF DE/DN 50 mm (1 1/2"") PN10/PN16"
02-03-013-000-063,Fittings,Tapon,HDPE,63,2,PN10/PN16,EF,,kg/unit,10808.0,RESCO,"TAPON HDPE EF DE/DN 63 mm (2"") PN10/PN16"
02-03-013-000-075,Fittings,Tapon,HDPE,75,2 1/2,PN10/PN16,EF,,kg/unit,15872.0,RESCO,"TAPON HDPE EF DE/DN 75 mm (2 1/2"") PN10/PN16"
02-03-013-000-090,Fittings,Tapon,HDPE,90,3,PN10/PN16,EF,,kg/unit,22181.0,RESCO,"TAPON HDPE EF DE/DN 90 mm (3"") PN10/PN16"
02-03-013-000-110,Fittings,Tapon,HDPE,110,4,PN10/PN16,EF,,kg/unit,28014.0,RESCO,"TAPON HDPE EF DE/DN 110 mm (4"") PN10/PN16"
02-03-019-000-050-025,Fittings,Taping Tee,HDPE,50-25,1 1/2-3/4,PN10/PN16,EF,,kg/unit,22395.0,RESCO,"TAPING TEE HDPE EF DE 50x25 mm (1 1/2""x3/4"") PN10/PN16"
02-03-019-000-050-032,Fittings,Taping Tee,HDPE,50-32,1 1/2-1,PN10/PN16,EF,,kg/unit,23746.0,RESCO,"TAPING TEE HDPE EF DE 50x32 mm (1 1/2""x1"") PN10/PN16"
02-03-019-000-063-025,Fittings,Taping Tee,HDPE,63-25,2-3/4,PN10/PN16,EF,,kg/unit,39215.0,RESCO,"TAPING TEE HDPE EF DE 63x25 mm (2""x3/4"") PN10/PN16"
02-03-019-000-063-032,Fittings,Taping Tee,HDPE,63-32,2-1,PN10/PN16,EF,,kg/unit,39215.0,RESCO,"TAPING TEE HDPE EF DE 63x32 mm (2""x1"") PN10/PN16"
02-03-019-000-075-020,Fittings,Taping Tee,HDPE,75-20,2 1/2-1/2,PN10/PN16,EF,,kg/unit,41743.0,RESCO,"TAPING TEE HDPE EF DE 75x20 mm (2 1/2""x1/2"") PN10/PN16"
02-03-019-000-075-025,Fittings,Taping Tee,HDPE,75-25,2 1/2-3/4,PN10/PN16,EF,,kg/unit,41743.0,RESCO,"TAPING TEE HDPE EF DE 75x25 mm (2 1/2""x3/4"") PN10/PN16"
02-03-019-000-075-032,Fittings,Taping Tee,HDPE,75-32,2 1/2-1,PN10/PN16,EF,,kg/unit,41743.0,RESCO,"TAPING TEE HDPE EF DE 75x32 mm (2 1/2""x1"") PN10/PN16"
02-03-019-000-075-040,Fittings,Taping Tee,HDPE,75-40,2 1/2-1 1/4,PN10/PN16,EF,,kg/unit,43691.0,RESCO,"TAPING TEE HDPE EF DE 75x40 mm (2 1/2""x1 1/4"") PN10/PN16"
02-03-019-000-075-050,Fittings,Taping Tee,HDPE,75-50,2 1/2-1 1/2,PN10/PN16,EF,,kg/unit,43691.0,RESCO,"TAPING TEE HDPE EF DE 75x50 mm (2 1/2""x1 1/2"") PN10/PN16"
02-03-019-000-090-020,Fittings,Taping Tee,HDPE,90-20,3-1/2,PN10/PN16,EF,,kg/unit,39970.0,RESCO,"TAPING TEE HDPE EF DE 90x20 mm (3""x1/2"") PN10/PN16"
02-03-019-000-090-025,Fittings,Taping Tee,HDPE,90-25,3-3/4,PN10/PN16,EF,,kg/unit,39970.0,RESCO,"TAPING TEE HDPE EF DE 90x25 mm (3""x3/4"") PN10/PN16"
02-03-019-000-090-032,Fittings,Taping Tee,HDPE,90-32,3-1,PN10/PN16,EF,,kg/unit,39970.0,RESCO,"TAPING TEE HDPE EF DE 90x32 mm (3""x1"") PN10/PN16"
02-03-019-000-090-040,Fittings,Taping Tee,HDPE,90-40,3-1 1/4,PN10/PN16,EF,,kg/unit,39970.0,RESCO,"TAPING TEE HDPE EF DE 90x40 mm (3""x1 1/4"") PN10/PN16"
02-03-019-000-090-050,Fittings,Taping Tee,HDPE,90-50,3-1 1/2,PN10/PN16,EF,,kg/unit,39970.0,RESCO,"TAPING TEE HDPE EF DE 90x50 mm (3""x1 1/2"") PN10/PN16"
02-03-019-000-110-020,Fittings,Taping Tee,HDPE,110-20,4-1/2,PN10/PN16,EF,,kg/unit,34602.0,RESCO,"TAPING TEE HDPE EF DE 110x20 mm (4""x1/2"") PN10/PN16"
02-03-019-000-110-025,Fittings,Taping Tee,HDPE,110-25,4-3/4,PN10/PN16,EF,,kg/unit,34602.0,RESCO,"TAPING TEE HDPE EF DE 110x25 mm (4""x3/4"") PN10/PN16"
02-03-019-000-110-032,Fittings,Taping Tee,HDPE,110-32,4-1,PN10/PN16,EF,,kg/unit,34602.0,RESCO,"TAPING TEE HDPE EF DE 110x32 mm (4""x1"") PN10/PN16"
02-03-019-000-110-040,Fittings,Taping Tee,HDPE,110-40,4-1 1/4,PN10/PN16,EF,,kg/unit,41853.0,RESCO,"TAPING TEE HDPE EF DE 110x40 mm (4""x1 1/4"") PN10/PN16"
02-03-019-000-110-050,Fittings,Taping Tee,HDPE,110-50,4-1 1/2,PN10/PN16,EF,,kg/unit,41853.0,RESCO,"TAPING TEE HDPE EF DE 110x50 mm (4""x1 1/2"") PN10/PN16"
02-03-019-000-110-063,Fittings,Taping Tee,HDPE,110-63,4-2,PN10/PN16,EF,,kg/unit,41853.0,RESCO,"TAPING TEE HDPE EF DE 110x63 mm (4""x2"") PN10/PN16"
02-03-019-000-160-025,Fittings,Taping Tee,HDPE,160-25,6-3/4,PN10/PN16,EF,,kg/unit,61876.0,RESCO,"TAPING TEE HDPE EF DE 160x25 mm (6""x3/4"") PN10/PN16"
02-03-019-000-160-032,Fittings,Taping Tee,HDPE,160-32,6-1,PN10/PN16,EF,,kg/unit,61876.0,RESCO,"TAPING TEE HDPE EF DE 160x32 mm (6""x1"") PN10/PN16"
02-03-019-000-160-040,Fittings,Taping Tee,HDPE,160-40,6-1 1/4,PN10/PN16,EF,,kg/unit,61876.0,RESCO,"TAPING TEE HDPE EF DE 160x40 mm (6""x1 1/4"") PN10/PN16"
02-03-019-000-160-050,Fittings,Taping Tee,HDPE,160-50,6-1 1/2,PN10/PN16,EF,,kg/unit,61876.0,RESCO,"TAPING TEE HDPE EF DE 160x50 mm (6""x1 1/2"") PN10/PN16"
02-03-019-000-160-063,Fittings,Taping Tee,HDPE,160-63,6-2,PN10/PN16,EF,,kg/unit,61876.0,RESCO,"TAPING TEE HDPE EF DE 160x63 mm (6""x2"") PN10/PN16"
02-03-019-000-200-025,Fittings,Taping Tee,HDPE,200-25,8-3/4,PN10/PN16,EF,,kg/unit,64615.0,RESCO,"TAPING TEE HDPE EF DE 200x25 mm (8""x3/4"") PN10/PN16"
02-03-019-000-200-032,Fittings,Taping Tee,HDPE,200-32,8-1,PN10/PN16,EF,,kg/unit,64615.0,RESCO,"TAPING TEE HDPE EF DE 200x32 mm (8""x1"") PN10/PN16"
02-05-001-000-040-11-2,Fittings,Collarin,PP,"40x1 1/2""","1 1/2""",PN10/PN16,CEM,,kg/unit,813.0,RESCO,"COLLARIN PP REFORZADO 40 MM X 1 1/2"""
02-05-001-000-040-3-4,Fittings,Collarin,PP,"40x3/4""","3/4""",PN10/PN16,CEM,,kg/unit,846.0,RESCO,"COLLARIN PP REFORZADO 40 MM X 3/4"""
02-05-001-000-040-1,Fittings,Collarin,PP,"40x1""","1""",PN10/PN16,CEM,,kg/unit,934.0,RESCO,"COLLARIN PP REFORZADO 40 MM X 1"""
02-05-001-000-050-1-2,Fittings,Collarin,PP,"50x1/2""","1/2""",PN10/PN16,CEM,,kg/unit,870.0,RESCO,"COLLARIN PP REFORZADO 50 MM X 1/2"""
02-05-001-000-050-3-4,Fittings,Collarin,PP,"50x3/4""","3/4""",PN10/PN16,CEM,,kg/unit,910.0,RESCO,"COLLARIN PP REFORZADO 50 MM X 3/4"""
02-05-001-000-050-1,Fittings,Collarin,PP,"50x1""","1""",PN10/PN16,CEM,,kg/unit,1014.0,RESCO,"COLLARIN PP REFORZADO 50 MM X 1"""
02-05-001-000-050-11-4,Fittings,Collarin,PP,"50x1 1/4""","1 1/4""",PN10/PN16,CEM,,kg/unit,1234.0,RESCO,"COLLARIN PP REFORZADO 50 MM X 1 1/4"""
02-05-001-000-063-1-2,Fittings,Collarin,PP,"63x1/2""","1/2""",PN10/PN16,CEM,,kg/unit,1359.0,RESCO,"COLLARIN PP REFORZADO 63 MM X 1/2"""
02-05-001-000-063-3-4,Fittings,Collarin,PP,"63x3/4""","3/4""",PN10/PN16,CEM,,kg/unit,1387.0,RESCO,"COLLARIN PP REFORZADO 63 MM X 3/4"""
02-05-001-000-063-1,Fittings,Collarin,PP,"63x1""","1""",PN10/PN16,CEM,,kg/unit,1526.0,RESCO,"COLLARIN PP REFORZADO 63 MM X 1"""
02-05-001-000-063-11-4,Fittings,Collarin,PP,"63x1 1/4""","1 1/4""",PN10/PN16,CEM,,kg/unit,1550.0,RESCO,"COLLARIN PP REFORZADO 63 MM X 1 1/4"""
02-05-001-000-063-11-2,Fittings,Collarin,PP,"63x1 1/2""","1 1/2""",PN10/PN16,CEM,,kg/unit,1605.0,RESCO,"COLLARIN PP REFORZADO 63 MM X 1 1/2"""
02-05-001-000-075-1-2,Fittings,Collarin,PP,"75x1/2""","1/2""",PN10/PN16,CEM,,kg/unit,1551.0,RESCO,"COLLARIN PP REFORZADO 75 MM X 1/2"""
02-05-001-000-075-3-4,Fittings,Collarin,PP,"75x3/4""","3/4""",PN10/PN16,CEM,,kg/unit,1575.0,RESCO,"COLLARIN PP REFORZADO 75 MM X 3/4"""
02-05-001-000-075-1,Fittings,Collarin,PP,"75x1""","1""",PN10/PN16,CEM,,kg/unit,1752.0,RESCO,"COLLARIN PP REFORZADO 75 MM X 1"""
02-05-001-000-075-11-4,Fittings,Collarin,PP,"75x1 1/4""","1 1/4""",PN10/PN16,CEM,,kg/unit,1787.0,RESCO,"COLLARIN PP REFORZADO 75 MM X 1 1/4"""
02-05-001-000-075-11-2,Fittings,Collarin,PP,"75x1 1/2""","1 1/2""",PN10/PN16,CEM,,kg/unit,1806.0,RESCO,"COLLARIN PP REFORZADO 75 MM X 1 1/2"""
02-05-001-000-075-2,Fittings,Collarin,PP,"75x2""","2""",PN10/PN16,CEM,,kg/unit,1845.0,RESCO,"COLLARIN PP REFORZADO 75 MM X 2"""
02-05-001-000-090-1-2,Fittings,Collarin,PP,"90x1/2""","1/2""",PN10/PN16,CEM,,kg/unit,2034.0,RESCO,"COLLARIN PP REFORZADO 90 MM X 1/2"""
02-05-001-000-090-3-4,Fittings,Collarin,PP,"90x3/4""","3/4""",PN10/PN16,CEM,,kg/unit,2081.0,RESCO,"COLLARIN PP REFORZADO 90 MM X 3/4"""
02-05-001-000-090-1,Fittings,Collarin,PP,"90x1""","1""",PN10/PN16,CEM,,kg/unit,2338.0,RESCO,"COLLARIN PP REFORZADO 90 MM X 1"""
02-05-001-000-090-11-4,Fittings,Collarin,PP,"90x1 1/4""","1 1/4""",PN10/PN16,CEM,,kg/unit,2265.0,RESCO,"COLLARIN PP REFORZADO 90 MM X 1 1/4"""
02-05-001-000-090-11-2,Fittings,Collarin,PP,"90x1 1/2""","1 1/2""",PN10/PN16,CEM,,kg/unit,2325.0,RESCO,"COLLARIN PP REFORZADO 90 MM X 1 1/2"""
02-05-001-000-090-2,Fittings,Collarin,PP,"90x2""","2""",PN10/PN16,CEM,,kg/unit,2495.0,RESCO,"COLLARIN PP REFORZADO 90 MM X 2"""
02-05-001-000-110-1-2,Fittings,Collarin,PP,"110x1/2""","1/2""",PN10/PN16,CEM,,kg/unit,2755.0,RESCO,"COLLARIN PP REFORZADO 110 MM X 1/2"""
02-05-001-000-110-3-4,Fittings,Collarin,PP,"110x3/4""","3/4""",PN10/PN16,CEM,,kg/unit,2782.0,RESCO,"COLLARIN PP REFORZADO 110 MM X 3/4"""
02-05-001-000-110-1,Fittings,Collarin,PP,"110x1""","1""",PN10/PN16,CEM,,kg/unit,2903.0,RESCO,"COLLARIN PP REFORZADO 110 MM X 1"""
02-05-001-000-110-11-4,Fittings,Collarin,PP,"110x1 1/4""","1 1/4""",PN10/PN16,CEM,,kg/unit,2866.0,RESCO,"COLLARIN PP REFORZADO 110 MM X 1 1/4"""
02-05-001-000-110-11-2,Fittings,Collarin,PP,"110x1 1/2""","1 1/2""",PN10/PN16,CEM,,kg/unit,2920.0,RESCO,"COLLARIN PP REFORZADO 110 MM X 1 1/2"""
02-05-001-000-110-2,Fittings,Collarin,PP,"110x2""","2""",PN10/PN16,CEM,,kg/unit,3066.0,RESCO,"COLLARIN PP REFORZADO 110 MM X 2"""
02-05-001-000-110-3,Fittings,Collarin,PP,"110x3""","3""",PN10/PN16,CEM,,kg/unit,3938.0,RESCO,"COLLARIN PP REFORZADO 110 MM X 3"""
02-05-001-000-125-3-4,Fittings,Collarin,PP,"125x3/4""","3/4""",PN10/PN16,CEM,,kg/unit,4192.0,RESCO,"COLLARIN PP REFORZADO 125 MM X 3/4"""
02-05-001-000-125-11-2,Fittings,Collarin,PP,"125x1 1/2""","1 1/2""",PN10/PN16,CEM,,kg/unit,4231.0,RESCO,"COLLARIN PP REFORZADO 125 MM X 1 1/2"""
02-05-001-000-125-2,Fittings,Collarin,PP,"125x2""","2""",PN10/PN16,CEM,,kg/unit,4271.0,RESCO,"COLLARIN PP REFORZADO 125 MM X 2"""
02-05-001-000-140-3-4,Fittings,Collarin,PP,"140x3/4""","3/4""",PN10/PN16,CEM,,kg/unit,5213.0,RESCO,"COLLARIN PP REFORZADO 140 MM X 3/4"""
02-05-001-000-140-11-2,Fittings,Collarin,PP,"140x1 1/2""","1 1/2""",PN10/PN16,CEM,,kg/unit,5371.0,RESCO,"COLLARIN PP REFORZADO 140 MM X 1 1/2"""
02-05-001-000-140-2,Fittings,Collarin,PP,"140x2""","2""",PN10/PN16,CEM,,kg/unit,5449.0,RESCO,"COLLARIN PP REFORZADO 140 MM X 2"""
02-05-001-000-160-1-2,Fittings,Collarin,PP,"160x1/2""","1/2""",PN10/PN16,CEM,,kg/unit,8493.0,RESCO,"COLLARIN PP REFORZADO 160 MM X 1/2"""
02-05-001-000-160-1,Fittings,Collarin,PP,"160x1""","1""",PN10/PN16,CEM,,kg/unit,9046.0,RESCO,"COLLARIN PP REFORZADO 160 MM X 1"""
02-05-001-000-160-2,Fittings,Collarin,PP,"160x2""","2""",PN10/PN16,CEM,,kg/unit,9137.0,RESCO,"COLLARIN PP REFORZADO 160 MM X 2"""
02-05-001-000-160-3,Fittings,Collarin,PP,"160x3""","3""",PN10/PN16,CEM,,kg/unit,9184.0,RESCO,"COLLARIN PP REFORZADO 160 MM X 3"""
02-05-001-000-200-2,Fittings,Collarin,PP,"200x2""","2""",PN10/PN16,CEM,,kg/unit,22280.0,RESCO,"COLLARIN PP REFORZADO 200 MM X 2"""
02-05-001-000-200-3,Fittings,Collarin,PP,"200x3""","3""",PN10/PN16,CEM,,kg/unit,22280.0,RESCO,"COLLARIN PP REFORZADO 200 MM X 3"""
01-04-001-PN16-020,Tuberias,Tuberia,PVC,20,1/2,PN16,CEM,,kg/m,2361.0,RESCO,"TUBERIA PVC CEM DE/DN 20 mm (1/2"") PN16 L = 6 m"
01-04-001-PN12-5-025,Tuberias,Tuberia,PVC,25,3/4,PN12.5,CEM,,kg/m,3096.0,RESCO,"TUBERIA PVC CEM DE/DN 25 mm (3/4"") PN12.5 L = 6 m"
01-04-001-PN10-032,Tuberias,Tuberia,PVC,32,1,PN10,CEM,,kg/m,4240.0,RESCO,"TUBERIA PVC CEM DE/DN 32 mm (1"") PN10 L = 6 m"
01-04-001-PN10-040,Tuberias,Tuberia,PVC,40,1 1/4,PN10,CEM,,kg/m,6246.0,RESCO,"TUBERIA PVC CEM DE/DN 40 mm (1 1/4"") PN10 L = 6 m"
01-04-001-PN10-050,Tuberias,Tuberia,PVC,50,1 1/2,PN10,CEM,,kg/m,9697.0,RESCO,"TUBERIA PVC CEM DE/DN 50 mm (1 1/2"") PN10 L = 6 m"
01-04-001-PN10-063,Tuberias,Tuberia,PVC,63,2,PN10,GOMA,,kg/m,15608.0,RESCO,"TUBERIA PVC GOMA DE/DN 63 mm (2"") PN10 L = 6 m"
01-04-001-PN10-075,Tuberias,Tuberia,PVC,75,2 1/2,PN10,GOMA,,kg/m,22495.0,RESCO,"TUBERIA PVC GOMA DE/DN 75 mm (2 1/2"") PN10 L = 6 m"
01-04-001-PN10-090,Tuberias,Tuberia,PVC,90,3,PN10,GOMA,,kg/m,31727.0,RESCO,"TUBERIA PVC GOMA DE/DN 90 mm (3"") PN10 L = 6 m"
01-04-001-PN10-110,Tuberias,Tuberia,PVC,110,4,PN10,GOMA,,kg/m,38334.0,RESCO,"TUBERIA PVC GOMA DE/DN 110 mm (4"") PN10 L = 6 m"
01-04-001-PN10-125,Tuberias,Tuberia,PVC,125,5,PN10,GOMA,,kg/m,50150.0,RESCO,"TUBERIA PVC GOMA DE/DN 125 mm (5"") PN10 L = 6 m"
01-04-001-PN10-140,Tuberias,Tuberia,PVC,140,5 1/2,PN10,GOMA,,kg/m,63034.0,RESCO,"TUBERIA PVC GOMA DE/DN 140 mm (5 1/2"") PN10 L = 6 m"
01-04-001-PN10-160,Tuberias,Tuberia,PVC,160,6,PN10,GOMA,,kg/m,82504.0,RESCO,"TUBERIA PVC GOMA DE/DN 160 mm (6"") PN10 L = 6 m"
01-04-001-PN10-200,Tuberias,Tuberia,PVC,200,8,PN10,GOMA,,kg/m,128566.0,RESCO,"TUBERIA PVC GOMA DE/DN 200 mm (8"") PN10 L = 6 m"
01-04-001-PN10-250,Tuberias,Tuberia,PVC,250,10,PN10,GOMA,,kg/m,215069.0,RESCO,"TUBERIA PVC GOMA DE/DN 250 mm (10"") PN10 L = 6 m"
01-04-001-PN6-040,Tuberias,Tuberia,PVC,40,1 1/4,PN6,GOMA,,kg/m,5076.0,RESCO,"TUBERIA PVC GOMA DE/DN 40 mm (1 1/4"") PN6 L = 6 m"
01-04-001-PN6-050,Tuberias,Tuberia,PVC,50,1 1/2,PN6,GOMA,,kg/m,6581.0,RESCO,"TUBERIA PVC GOMA DE/DN 50 mm (1 1/2"") PN6 L = 6 m"
01-04-001-PN6-063,Tuberias,Tuberia,PVC,63,2,PN6,GOMA,,kg/m,10750.0,RESCO,"TUBERIA PVC GOMA DE/DN 63 mm (2"") PN6 L = 6 m"
01-04-001-PN6-075,Tuberias,Tuberia,PVC,75,2 1/2,PN6,GOMA,,kg/m,14668.0,RESCO,"TUBERIA PVC GOMA DE/DN 75 mm (2 1/2"") PN6 L = 6 m"
01-04-001-PN6-090,Tuberias,Tuberia,PVC,90,3,PN6,GOMA,,kg/m,21277.0,RESCO,"TUBERIA PVC GOMA DE/DN 90 mm (3"") PN6 L = 6 m"
01-04-001-PN6-110,Tuberias,Tuberia,PVC,110,4,PN6,GOMA,,kg/m,25765.0,RESCO,"TUBERIA PVC GOMA DE/DN 110 mm (4"") PN6 L = 6 m"
01-04-001-PN6-125,Tuberias,Tuberia,PVC,125,5,PN6,GOMA,,kg/m,33394.0,RESCO,"TUBERIA PVC GOMA DE/DN 125 mm (5"") PN6 L = 6 m"
01-04-001-PN6-140,Tuberias,Tuberia,PVC,140,5 1/2,PN6,GOMA,,kg/m,42036.0,RESCO,"TUBERIA PVC GOMA DE/DN 140 mm (5 1/2"") PN6 L = 6 m"
01-04-001-PN6-160,Tuberias,Tuberia,PVC,160,6,PN6,GOMA,,kg/m,54047.0,RESCO,"TUBERIA PVC GOMA DE/DN 160 mm (6"") PN6 L = 6 m"
01-04-001-PN6-200,Tuberias,Tuberia,PVC,200,8,PN6,GOMA,,kg/m,84207.0,RESCO,"TUBERIA PVC GOMA DE/DN 200 mm (8"") PN6 L = 6 m"
01-04-001-PN6-250,Tuberias,Tuberia,PVC,250,10,PN6,GOMA,,kg/m,135157.0,RESCO,"TUBERIA PVC GOMA DE/DN 250 mm (10"") PN6 L = 6 m"
02-04-002-PN10-020,Fittings,Codo 90°,PVC,20,1/2,PN10,CEM,,kg/unit,108.0,RESCO,"CODO 90° PVC CEM DE/DN 20 mm (1/2"") PN10"
02-04-002-PN10-025,Fittings,Codo 90°,PVC,25,3/4,PN10,CEM,,kg/unit,134.0,RESCO,"CODO 90° PVC CEM DE/DN 25 mm (3/4"") PN10"
02-04-002-PN10-032,Fittings,Codo 90°,PVC,32,1,PN10,CEM,,kg/unit,239.0,RESCO,"CODO 90° PVC CEM DE/DN 32 mm (1"") PN10"
02-04-002-PN10-040,Fittings,Codo 90°,PVC,40,1 1/4,PN10,CEM,,kg/unit,414.0,RESCO,"CODO 90° PVC CEM DE/DN 40 mm (1 1/4"") PN10"
02-04-002-PN10-050,Fittings,Codo 90°,PVC,50,1 1/2,PN10,CEM,,kg/unit,653.0,RESCO,"CODO 90° PVC CEM DE/DN 50 mm (1 1/2"") PN10"
02-04-002-PN10-063,Fittings,Codo 90°,PVC,63,2,PN10,CEM,,kg/unit,2195.0,RESCO,"CODO 90° PVC CEM DE/DN 63 mm (2"") PN10"
02-04-002-PN10-075,Fittings,Codo 90°,PVC,75,2 1/2,PN10,CEM,,kg/unit,3312.0,RESCO,"CODO 90° PVC CEM DE/DN 75 mm (2 1/2"") PN10"
02-04-002-PN10-090,Fittings,Codo 90°,PVC,90,3,PN10,CEM,,kg/unit,4540.0,RESCO,"CODO 90° PVC CEM DE/DN 90 mm (3"") PN10"
02-04-002-PN10-110,Fittings,Codo 90°,PVC,110,4,PN10,CEM,,kg/unit,7527.0,RESCO,"CODO 90° PVC CEM DE/DN 110 mm (4"") PN10"
02-04-002-PN10-125,Fittings,Codo 90°,PVC,125,5,PN10,CEM,,kg/unit,14556.0,RESCO,"CODO 90° PVC CEM DE/DN 125 mm (5"") PN10"
02-04-002-PN10-140,Fittings,Codo 90°,PVC,140,5 1/2,PN10,CEM,,kg/unit,21235.0,RESCO,"CODO 90° PVC CEM DE/DN 140 mm (5 1/2"") PN10"
02-04-002-PN10-160,Fittings,Codo 90°,PVC,160,6,PN10,CEM,,kg/unit,22936.0,RESCO,"CODO 90° PVC CEM DE/DN 160 mm (6"") PN10"
02-04-002-PN10-200,Fittings,Codo 90°,PVC,200,8,PN10,CEM,,kg/unit,33769.0,RESCO,"CODO 90° PVC CEM DE/DN 200 mm (8"") PN10"
02-04-002-PN10-250,Fittings,Codo 90°,PVC,250,10,PN10,CEM,,kg/unit,131765.0,RESCO,"CODO 90° PVC CEM DE/DN 250 mm (10"") PN10"
02-04-001-PN10-020,Fittings,Codo 45°,PVC,20,1/2,PN10,CEM,,kg/unit,161.0,RESCO,"CODO 45° PVC CEM DE/DN 20 mm (1/2"") PN10"
02-04-001-PN10-025,Fittings,Codo 45°,PVC,25,3/4,PN10,CEM,,kg/unit,299.0,RESCO,"CODO 45° PVC CEM DE/DN 25 mm (3/4"") PN10"
02-04-001-PN10-032,Fittings,Codo 45°,PVC,32,1,PN10,CEM,,kg/unit,372.0,RESCO,"CODO 45° PVC CEM DE/DN 32 mm (1"") PN10"
02-04-001-PN10-040,Fittings,Codo 45°,PVC,40,1 1/4,PN10,CEM,,kg/unit,489.0,RESCO,"CODO 45° PVC CEM DE/DN 40 mm (1 1/4"") PN10"
02-04-001-PN10-050,Fittings,Codo 45°,PVC,50,1 1/2,PN10,CEM,,kg/unit,779.0,RESCO,"CODO 45° PVC CEM DE/DN 50 mm (1 1/2"") PN10"
02-04-001-PN10-063,Fittings,Codo 45°,PVC,63,2,PN10,CEM,,kg/unit,2311.0,RESCO,"CODO 45° PVC CEM DE/DN 63 mm (2"") PN10"
02-04-001-PN10-075,Fittings,Codo 45°,PVC,75,2 1/2,PN10,CEM,,kg/unit,4877.0,RESCO,"CODO 45° PVC CEM DE/DN 75 mm (2 1/2"") PN10"
02-04-001-PN10-090,Fittings,Codo 45°,PVC,90,3,PN10,CEM,,kg/unit,6458.0,RESCO,"CODO 45° PVC CEM DE/DN 90 mm (3"") PN10"
02-04-001-PN10-110,Fittings,Codo 45°,PVC,110,4,PN10,CEM,,kg/unit,10624.0,RESCO,"CODO 45° PVC CEM DE/DN 110 mm (4"") PN10"
02-04-001-PN10-125,Fittings,Codo 45°,PVC,125,5,PN10,CEM,,kg/unit,13731.0,RESCO,"CODO 45° PVC CEM DE/DN 125 mm (5"") PN10"
02-04-001-PN10-140,Fittings,Codo 45°,PVC,140,5 1/2,PN10,CEM,,kg/unit,27782.0,RESCO,"CODO 45° PVC CEM DE/DN 140 mm (5 1/2"") PN10"
02-04-001-PN10-160,Fittings,Codo 45°,PVC,160,6,PN10,CEM,,kg/unit,21155.0,RESCO,"CODO 45° PVC CEM DE/DN 160 mm (6"") PN10"
02-04-001-PN10-200,Fittings,Codo 45°,PVC,200,8,PN10,CEM,,kg/unit,28580.0,RESCO,"CODO 45° PVC CEM DE/DN 200 mm (8"") PN10"
02-04-001-PN10-250,Fittings,Codo 45°,PVC,250,10,PN10,CEM,,kg/unit,95255.0,RESCO,"CODO 45° PVC CEM DE/DN 250 mm (10"") PN10"
02-04-004-PN10-020,Fittings,Tee,PVC,20,1/2,PN10,CEM,,kg/unit,164.0,RESCO,"TEE PVC CEM DE/DN 20 mm (1/2"") PN10"
02-04-004-PN10-025,Fittings,Tee,PVC,25,3/4,PN10,CEM,,kg/unit,239.0,RESCO,"TEE PVC CEM DE/DN 25 mm (3/4"") PN10"
02-04-004-PN10-032,Fittings,Tee,PVC,32,1,PN10,CEM,,kg/unit,271.0,RESCO,"TEE PVC CEM DE/DN 32 mm (1"") PN10"
02-04-004-PN10-040,Fittings,Tee,PVC,40,1 1/4,PN10,CEM,,kg/unit,594.0,RESCO,"TEE PVC CEM DE/DN 40 mm (1 1/4"") PN10"
02-04-004-PN10-050,Fittings,Tee,PVC,50,1 1/2,PN10,CEM,,kg/unit,946.0,RESCO,"TEE PVC CEM DE/DN 50 mm (1 1/2"") PN10"
02-04-004-PN10-063,Fittings,Tee,PVC,63,2,PN10,CEM,,kg/unit,3086.0,RESCO,"TEE PVC CEM DE/DN 63 mm (2"") PN10"
02-04-004-PN10-075,Fittings,Tee,PVC,75,2 1/2,PN10,CEM,,kg/unit,3745.0,RESCO,"TEE PVC CEM DE/DN 75 mm (2 1/2"") PN10"
02-04-004-PN10-090,Fittings,Tee,PVC,90,3,PN10,CEM,,kg/unit,5278.0,RESCO,"TEE PVC CEM DE/DN 90 mm (3"") PN10"
02-04-004-PN10-110,Fittings,Tee,PVC,110,4,PN10,CEM,,kg/unit,7451.0,RESCO,"TEE PVC CEM DE/DN 110 mm (4"") PN10"
02-04-004-PN10-125,Fittings,Tee,PVC,125,5,PN10,CEM,,kg/unit,16350.0,RESCO,"TEE PVC CEM DE/DN 125 mm (5"") PN10"
02-04-004-PN10-140,Fittings,Tee,PVC,140,5 1/2,PN10,CEM,,kg/unit,24852.0,RESCO,"TEE PVC CEM DE/DN 140 mm (5 1/2"") PN10"
02-04-004-PN10-160,Fittings,Tee,PVC,160,6,PN10,CEM,,kg/unit,29139.0,RESCO,"TEE PVC CEM DE/DN 160 mm (6"") PN10"
02-04-004-PN10-200,Fittings,Tee,PVC,200,8,PN10,CEM,,kg/unit,42311.0,RESCO,"TEE PVC CEM DE/DN 200 mm (8"") PN10"
02-04-004-PN10-250,Fittings,Tee,PVC,250,10,PN10,CEM,,kg/unit,158147.0,RESCO,"TEE PVC CEM DE/DN 250 mm (10"") PN10"
02-04-003-PN10-020,Fittings,Tapagorro,PVC,20,1/2,PN10,CEM,,kg/unit,78.0,RESCO,"TAPAGORRO PVC CEM DE/DN 20 mm (1/2"") PN10"
02-04-003-PN10-025,Fittings,Tapagorro,PVC,25,3/4,PN10,CEM,,kg/unit,104.0,RESCO,"TAPAGORRO PVC CEM DE/DN 25 mm (3/4"") PN10"
02-04-003-PN10-032,Fittings,Tapagorro,PVC,32,1,PN10,CEM,,kg/unit,145.0,RESCO,"TAPAGORRO PVC CEM DE/DN 32 mm (1"") PN10"
02-04-003-PN10-040,Fittings,Tapagorro,PVC,40,1 1/4,PN10,CEM,,kg/unit,224.0,RESCO,"TAPAGORRO PVC CEM DE/DN 40 mm (1 1/4"") PN10"
02-04-003-PN10-050,Fittings,Tapagorro,PVC,50,1 1/2,PN10,CEM,,kg/unit,418.0,RESCO,"TAPAGORRO PVC CEM DE/DN 50 mm (1 1/2"") PN10"
02-04-003-PN10-063,Fittings,Tapagorro,PVC,63,2,PN10,CEM,,kg/unit,613.0,RESCO,"TAPAGORRO PVC CEM DE/DN 63 mm (2"") PN10"
02-04-003-PN10-075,Fittings,Tapagorro,PVC,75,2 1/2,PN10,CEM,,kg/unit,2864.0,RESCO,"TAPAGORRO PVC CEM DE/DN 75 mm (2 1/2"") PN10"
02-04-003-PN10-090,Fittings,Tapagorro,PVC,90,3,PN10,CEM,,kg/unit,3496.0,RESCO,"TAPAGORRO PVC CEM DE/DN 90 mm (3"") PN10"
02-04-003-PN10-110,Fittings,Tapagorro,PVC,110,4,PN10,CEM,,kg/unit,5717.0,RESCO,"TAPAGORRO PVC CEM DE/DN 110 mm (4"") PN10"
02-04-003-PN10-125,Fittings,Tapagorro,PVC,125,5,PN10,CEM,,kg/unit,10376.0,RESCO,"TAPAGORRO PVC CEM DE/DN 125 mm (5"") PN10"
02-04-003-PN10-140,Fittings,Tapagorro,PVC,140,5 1/2,PN10,CEM,,kg/unit,12139.0,RESCO,"TAPAGORRO PVC CEM DE/DN 140 mm (5 1/2"") PN10"
02-04-003-PN10-160,Fittings,Tapagorro,PVC,160,6,PN10,CEM,,kg/unit,13292.0,RESCO,"TAPAGORRO PVC CEM DE/DN 160 mm (6"") PN10"
02-04-005-PN10-020,Fittings,Copla,PVC,20,1/2,PN10,CEM,,kg/unit,76.0,RESCO,"COPLA PVC CEM DE/DN 20 mm (1/2"") PN10"
02-04-005-PN10-025,Fittings,Copla,PVC,25,3/4,PN10,CEM,,kg/unit,118.0,RESCO,"COPLA PVC CEM DE/DN 25 mm (3/4"") PN10"
02-04-005-PN10-032,Fittings,Copla,PVC,32,1,PN10,CEM,,kg/unit,189.0,RESCO,"COPLA PVC CEM DE/DN 32 mm (1"") PN10"
02-04-005-PN10-040,Fittings,Copla,PVC,40,1 1/4,PN10,CEM,,kg/unit,479.0,RESCO,"COPLA PVC CEM DE/DN 40 mm (1 1/4"") PN10"
02-04-005-PN10-050,Fittings,Copla,PVC,50,1 1/2,PN10,CEM,,kg/unit,490.0,RESCO,"COPLA PVC CEM DE/DN 50 mm (1 1/2"") PN10"
02-04-005-PN10-063,Fittings,Copla,PVC,63,2,PN10,CEM,,kg/unit,1136.0,RESCO,"COPLA PVC CEM DE/DN 63 mm (2"") PN10"
02-04-005-PN10-075,Fittings,Copla,PVC,75,2 1/2,PN10,CEM,,kg/unit,2730.0,RESCO,"COPLA PVC CEM DE/DN 75 mm (2 1/2"") PN10"
02-04-005-PN10-090,Fittings,Copla,PVC,90,3,PN10,CEM,,kg/unit,4792.0,RESCO,"COPLA PVC CEM DE/DN 90 mm (3"") PN10"
02-04-005-PN10-110,Fittings,Copla,PVC,110,4,PN10,CEM,,kg/unit,6797.0,RESCO,"COPLA PVC CEM DE/DN 110 mm (4"") PN10"
02-04-005-PN10-160,Fittings,Copla,PVC,160,6,PN10,CEM,,kg/unit,14988.0,RESCO,"COPLA PVC CEM DE/DN 160 mm (6"") PN10"
02-04-005-PN10-200,Fittings,Copla,PVC,200,8,PN10,CEM,,kg/unit,19765.0,RESCO,"COPLA PVC CEM DE/DN 200 mm (8"") PN10"
02-04-006-PN10-25-20,Fittings,Buje reduccion,PVC,25x20,3/4-1/2,PN10,CEM,,kg/unit,50.0,RESCO,"BUJE REDUCCION PVC CEM 25 X 20 MM (3/4-1/2"") PN10"
02-04-006-PN10-32-20,Fittings,Buje reduccion,PVC,32x20,1-1/2,PN10,CEM,,kg/unit,195.0,RESCO,"BUJE REDUCCION PVC CEM 32 X 20 MM (1-1/2"") PN10"
02-04-006-PN10-32-25,Fittings,Buje reduccion,PVC,32x25,1-3/4,PN10,CEM,,kg/unit,86.0,RESCO,"BUJE REDUCCION PVC CEM 32 X 25 MM (1-3/4"") PN10"
02-04-006-PN10-40-20,Fittings,Buje reduccion,PVC,40x20,1 1/4-1/2,PN10,CEM,,kg/unit,167.0,RESCO,"BUJE REDUCCION PVC CEM 40 X 20 MM (1 1/4-1/2"") PN10"
02-04-006-PN10-40-25,Fittings,Buje reduccion,PVC,40x25,1 1/4-3/4,PN10,CEM,,kg/unit,313.0,RESCO,"BUJE REDUCCION PVC CEM 40 X 25 MM (1 1/4-3/4"") PN10"
02-04-006-PN10-40-32,Fittings,Buje reduccion,PVC,40x32,1 1/4-1,PN10,CEM,,kg/unit,212.0,RESCO,"BUJE REDUCCION PVC CEM 40 X 32 MM (1 1/4-1"") PN10"
02-04-006-PN10-50-20,Fittings,Buje reduccion,PVC,50x20,1 1/2-1/2,PN10,CEM,,kg/unit,395.0,RESCO,"BUJE REDUCCION PVC CEM 50 X 20 MM (1 1/2-1/2"") PN10"
02-04-006-PN10-50-25,Fittings,Buje reduccion,PVC,50x25,1 1/2-3/4,PN10,CEM,,kg/unit,395.0,RESCO,"BUJE REDUCCION PVC CEM 50 X 25 MM (1 1/2-3/4"") PN10"
02-04-006-PN10-50-32,Fittings,Buje reduccion,PVC,50x32,1 1/2-1,PN10,CEM,,kg/unit,395.0,RESCO,"BUJE REDUCCION PVC CEM 50 X 32 MM (1 1/2-1"") PN10"
02-04-006-PN10-50-40,Fittings,Buje reduccion,PVC,50x40,1 1/2-1 1/4,PN10,CEM,,kg/unit,290.0,RESCO,"BUJE REDUCCION PVC CEM 50 X 40 MM (1 1/2-1 1/4"") PN10"
02-04-006-PN10-63-50,Fittings,Buje reduccion,PVC,63x50,2-1 1/2,PN10,CEM,,kg/unit,891.0,RESCO,"BUJE REDUCCION PVC CEM 63 X 50 MM (2-1 1/2"") PN10"
02-04-006-PN10-75-63,Fittings,Buje reduccion,PVC,75x63,2 1/2-2,PN10,CEM,,kg/unit,2014.0,RESCO,"BUJE REDUCCION PVC CEM 75 X 63 MM (2 1/2-2"") PN10"
02-04-006-PN10-90-63,Fittings,Buje reduccion,PVC,90x63,3-2,PN10,CEM,,kg/unit,3287.0,RESCO,"BUJE REDUCCION PVC CEM 90 X 63 MM (3-2"") PN10"
02-04-006-PN10-90-75,Fittings,Buje reduccion,PVC,90x75,3-2 1/2,PN10,CEM,,kg/unit,3078.0,RESCO,"BUJE REDUCCION PVC CEM 90 X 75 MM (3-2 1/2"") PN10"
02-04-006-PN10-110-63,Fittings,Buje reduccion,PVC,110x63,4-2,PN10,CEM,,kg/unit,4932.0,RESCO,"BUJE REDUCCION PVC CEM 110 X 63 MM (4-2"") PN10"
02-04-006-PN10-110-75,Fittings,Buje reduccion,PVC,110x75,4-2 1/2,PN10,CEM,,kg/unit,4932.0,RESCO,"BUJE REDUCCION PVC CEM 110 X 75 MM (4-2 1/2"") PN10"
02-04-006-PN10-110-90,Fittings,Buje reduccion,PVC,110x90,4-3,PN10,CEM,,kg/unit,4596.0,RESCO,"BUJE REDUCCION PVC CEM 110 X 90 MM (4-3"") PN10"
02-04-006-PN10-125-110,Fittings,Buje reduccion,PVC,125x110,5-4,PN10,CEM,,kg/unit,4924.0,RESCO,"BUJE REDUCCION PVC CEM 125 X 110 MM (5-4"") PN10"
02-04-006-PN10-140-110,Fittings,Buje reduccion,PVC,140x110,5 1/2-4,PN10,CEM,,kg/unit,8021.0,RESCO,"BUJE REDUCCION PVC CEM 140 X 110 MM (5 1/2-4"") PN10"
02-04-006-PN10-160-110,Fittings,Buje reduccion,PVC,160x110,6-4,PN10,CEM,,kg/unit,10212.0,RESCO,"BUJE REDUCCION PVC CEM 160 X 110 MM (6-4"") PN10"
02-04-007-PN10-063,Fittings,Flange y Collar Flange,PVC,63,2,PN10,CEM,,kg/unit,5470.0,RESCO,"FLANGE Y COLLAR FLANGE PVC CEM DE/DN 63 mm (2"") PN10 DIN"
02-04-007-PN10-075,Fittings,Flange y Collar Flange,PVC,75,2 1/2,PN10,CEM,,kg/unit,7086.0,RESCO,"FLANGE Y COLLAR FLANGE PVC CEM DE/DN 75 mm (2 1/2"") PN10 DIN"
02-04-007-PN10-090,Fittings,Flange y Collar Flange,PVC,90,3,PN10,CEM,,kg/unit,8104.0,RESCO,"FLANGE Y COLLAR FLANGE PVC CEM DE/DN 90 mm (3"") PN10 DIN"
02-04-007-PN10-110,Fittings,Flange y Collar Flange,PVC,110,4,PN10,CEM,,kg/unit,11381.0,RESCO,"FLANGE Y COLLAR FLANGE PVC CEM DE/DN 110 mm (4"") PN10 DIN"
02-04-007-PN10-125,Fittings,Flange y Collar Flange,PVC,125,5,PN10,CEM,,kg/unit,14857.0,RESCO,"FLANGE Y COLLAR FLANGE PVC CEM DE/DN 125 mm (5"") PN10 DIN"
02-04-007-PN10-140,Fittings,Flange y Collar Flange,PVC,140,5 1/2,PN10,CEM,,kg/unit,19176.0,RESCO,"FLANGE Y COLLAR FLANGE PVC CEM DE/DN 140 mm (5 1/2"") PN10 DIN"
02-04-007-PN10-160,Fittings,Flange y Collar Flange,PVC,160,6,PN10,CEM,,kg/unit,23630.0,RESCO,"FLANGE Y COLLAR FLANGE PVC CEM DE/DN 160 mm (6"") PN10 DIN"
02-04-007-PN10-200,Fittings,Flange y Collar Flange,PVC,200,8,PN10,CEM,,kg/unit,40315.0,RESCO,"FLANGE Y COLLAR FLANGE PVC CEM DE/DN 200 mm (8"") PN10 DIN"
02-04-007-PN10-250,Fittings,Flange y Collar Flange,PVC,250,10,PN10,CEM,,kg/unit,113317.0,RESCO,"FLANGE Y COLLAR FLANGE PVC CEM DE/DN 250 mm (10"") PN10 DIN"
02-04-008-PN10-063,Fittings,Copla Reparacion,PVC,63,2,PN10,CEM,,kg/unit,6190.0,RESCO,"COPLA REPARACION PVC CEM DE/DN 63 mm (2"") NCh399"
02-04-008-PN10-075,Fittings,Copla Reparacion,PVC,75,2 1/2,PN10,CEM,,kg/unit,9836.0,RESCO,"COPLA REPARACION PVC CEM DE/DN 75 mm (2 1/2"") NCh399"
02-04-008-PN10-090,Fittings,Copla Reparacion,PVC,90,3,PN10,CEM,,kg/unit,13001.0,RESCO,"COPLA REPARACION PVC CEM DE/DN 90 mm (3"") NCh399"
02-04-008-PN10-110,Fittings,Copla Reparacion,PVC,110,4,PN10,CEM,,kg/unit,13029.0,RESCO,"COPLA REPARACION PVC CEM DE/DN 110 mm (4"") NCh399"
02-04-008-PN10-125,Fittings,Copla Reparacion,PVC,125,5,PN10,CEM,,kg/unit,18981.0,RESCO,"COPLA REPARACION PVC CEM DE/DN 125 mm (5"") NCh399"
02-04-008-PN10-140,Fittings,Copla Reparacion,PVC,140,5 1/2,PN10,CEM,,kg/unit,27193.0,RESCO,"COPLA REPARACION PVC CEM DE/DN 140 mm (5 1/2"") NCh399"
02-04-008-PN10-160,Fittings,Copla Reparacion,PVC,160,6,PN10,CEM,,kg/unit,29340.0,RESCO,"COPLA REPARACION PVC CEM DE/DN 160 mm (6"") NCh399"
02-04-008-PN10-200,Fittings,Copla Reparacion,PVC,200,8,PN10,CEM,,kg/unit,51918.0,RESCO,"COPLA REPARACION PVC CEM DE/DN 200 mm (8"") NCh399"
02-04-008-PN10-250,Fittings,Copla Reparacion,PVC,250,10,PN10,CEM,,kg/unit,83650.0,RESCO,"COPLA REPARACION PVC CEM DE/DN 250 mm (10"") NCh399"
02-04-008-PN10-315,Fittings,Copla Reparacion,PVC,315,12,PN10,CEM,,kg/unit,190808.0,RESCO,"COPLA REPARACION PVC CEM DE/DN 315 mm (12"") NCh399"
02-04-008-PN10-355,Fittings,Copla Reparacion,PVC,355,14,PN10,CEM,,kg/unit,256068.0,RESCO,"COPLA REPARACION PVC CEM DE/DN 355 mm (14"") NCh399"
02-04-008-PN10-400,Fittings,Copla Reparacion,PVC,400,16,PN10,CEM,,kg/unit,699524.0,RESCO,"COPLA REPARACION PVC CEM DE/DN 400 mm (16"") NCh399"
04-05-001-000-020,Valvulas,Valvula bola PVC compacta,PVC,20,1/2,PN10,CEM,,kg/unit,492.0,RESCO,"VALVULA BOLA PVC COMPACTA CEM DE/DN 20 mm (1/2"")"
04-05-001-000-025,Valvulas,Valvula bola PVC compacta,PVC,25,3/4,PN10,CEM,,kg/unit,703.0,RESCO,"VALVULA BOLA PVC COMPACTA CEM DE/DN 25 mm (3/4"")"
04-05-001-000-032,Valvulas,Valvula bola PVC compacta,PVC,32,1,PN10,CEM,,kg/unit,1050.0,RESCO,"VALVULA BOLA PVC COMPACTA CEM DE/DN 32 mm (1"")"
04-05-001-000-040,Valvulas,Valvula bola PVC compacta,PVC,40,1 1/4,PN10,CEM,,kg/unit,1688.0,RESCO,"VALVULA BOLA PVC COMPACTA CEM DE/DN 40 mm (1 1/4"")"
04-05-001-000-050,Valvulas,Valvula bola PVC compacta,PVC,50,1 1/2,PN10,CEM,,kg/unit,2117.0,RESCO,"VALVULA BOLA PVC COMPACTA CEM DE/DN 50 mm (1 1/2"")"
04-05-001-000-063,Valvulas,Valvula bola PVC compacta,PVC,63,2,PN10,CEM,,kg/unit,3261.0,RESCO,"VALVULA BOLA PVC COMPACTA CEM DE/DN 63 mm (2"")"
04-05-001-000-075,Valvulas,Valvula bola PVC compacta,PVC,75,2 1/2,PN10,CEM,,kg/unit,7197.0,RESCO,"VALVULA BOLA PVC COMPACTA CEM DE/DN 75 mm (2 1/2"")"
04-05-001-000-090,Valvulas,Valvula bola PVC compacta,PVC,90,3,PN10,CEM,,kg/unit,11513.0,RESCO,"VALVULA BOLA PVC COMPACTA CEM DE/DN 90 mm (3"")"
04-05-001-000-110,Valvulas,Valvula bola PVC compacta,PVC,110,4,PN10,CEM,,kg/unit,25348.0,RESCO,"VALVULA BOLA PVC COMPACTA CEM DE/DN 110 mm (4"")"
04-05-002-000-020,Valvulas,Valvula bola PVC 1 Union Americana,PVC,20,1/2,PN10,CEM,,kg/unit,1218.0,RESCO,"VALVULA BOLA PVC 1 UNION AMERICANA CEM DE/DN 20 mm (1/2"")"
04-05-002-000-025,Valvulas,Valvula bola PVC 1 Union Americana,PVC,25,3/4,PN10,CEM,,kg/unit,1614.0,RESCO,"VALVULA BOLA PVC 1 UNION AMERICANA CEM DE/DN 25 mm (3/4"")"
04-05-002-000-032,Valvulas,Valvula bola PVC 1 Union Americana,PVC,32,1,PN10,CEM,,kg/unit,2487.0,RESCO,"VALVULA BOLA PVC 1 UNION AMERICANA CEM DE/DN 32 mm (1"")"
04-05-002-000-040,Valvulas,Valvula bola PVC 1 Union Americana,PVC,40,1 1/4,PN10,CEM,,kg/unit,3327.0,RESCO,"VALVULA BOLA PVC 1 UNION AMERICANA CEM DE/DN 40 mm (1 1/4"")"
04-05-002-000-050,Valvulas,Valvula bola PVC 1 Union Americana,PVC,50,1 1/2,PN10,CEM,,kg/unit,5188.0,RESCO,"VALVULA BOLA PVC 1 UNION AMERICANA CEM DE/DN 50 mm (1 1/2"")"
04-05-002-000-063,Valvulas,Valvula bola PVC 1 Union Americana,PVC,63,2,PN10,CEM,,kg/unit,11200.0,RESCO,"VALVULA BOLA PVC 1 UNION AMERICANA CEM DE/DN 63 mm (2"")"
04-05-002-000-075,Valvulas,Valvula bola PVC 1 Union Americana,PVC,75,2 1/2,PN10,CEM,,kg/unit,25776.0,RESCO,"VALVULA BOLA PVC 1 UNION AMERICANA CEM DE/DN 75 mm (2 1/2"")"
04-05-002-000-090,Valvulas,Valvula bola PVC 1 Union Americana,PVC,90,3,PN10,CEM,,kg/unit,36976.0,RESCO,"VALVULA BOLA PVC 1 UNION AMERICANA CEM DE/DN 90 mm (3"")"
04-05-002-000-110,Valvulas,Valvula bola PVC 1 Union Americana,PVC,110,4,PN10,CEM,,kg/unit,69341.0,RESCO,"VALVULA BOLA PVC 1 UNION AMERICANA CEM DE/DN 110 mm (4"")"
04-05-003-000-020,Valvulas,Valvula bola PVC 2 Union Americana,PVC,20,1/2,PN10,CEM,,kg/unit,2025.0,RESCO,"VALVULA BOLA PVC 2 UNION AMERICANA CEM DE/DN 20 mm (1/2"")"
04-05-003-000-025,Valvulas,Valvula bola PVC 2 Union Americana,PVC,25,3/4,PN10,CEM,,kg/unit,3419.0,RESCO,"VALVULA BOLA PVC 2 UNION AMERICANA CEM DE/DN 25 mm (3/4"")"
04-05-003-000-032,Valvulas,Valvula bola PVC 2 Union Americana,PVC,32,1,PN10,CEM,,kg/unit,4980.0,RESCO,"VALVULA BOLA PVC 2 UNION AMERICANA CEM DE/DN 32 mm (1"")"
04-05-003-000-040,Valvulas,Valvula bola PVC 2 Union Americana,PVC,40,1 1/4,PN10,CEM,,kg/unit,7326.0,RESCO,"VALVULA BOLA PVC 2 UNION AMERICANA CEM DE/DN 40 mm (1 1/4"")"
04-05-003-000-050,Valvulas,Valvula bola PVC 2 Union Americana,PVC,50,1 1/2,PN10,CEM,,kg/unit,10666.0,RESCO,"VALVULA BOLA PVC 2 UNION AMERICANA CEM DE/DN 50 mm (1 1/2"")"
04-05-003-000-063,Valvulas,Valvula bola PVC 2 Union Americana,PVC,63,2,PN10,CEM,,kg/unit,17669.0,RESCO,"VALVULA BOLA PVC 2 UNION AMERICANA CEM DE/DN 63 mm (2"")"
04-05-003-000-075,Valvulas,Valvula bola PVC 2 Union Americana,PVC,75,2 1/2,PN10,CEM,,kg/unit,23191.0,RESCO,"VALVULA BOLA PVC 2 UNION AMERICANA CEM DE/DN 75 mm (2 1/2"")"
04-05-003-000-090,Valvulas,Valvula bola PVC 2 Union Americana,PVC,90,3,PN10,CEM,,kg/unit,53951.0,RESCO,"VALVULA BOLA PVC 2 UNION AMERICANA CEM DE/DN 90 mm (3"")"
04-05-003-000-110,Valvulas,Valvula bola PVC 2 Union Americana,PVC,110,4,PN10,CEM,,kg/unit,76937.0,RESCO,"VALVULA BOLA PVC 2 UNION AMERICANA CEM DE/DN 110 mm (4"")"
04-05-004-000-063,Valvulas,Valvula mariposa PVC,PVC,63,2,PN10,APE,,kg/unit,46997.0,RESCO,"VALVULA MARIPOSA PVC MANILLA ABS DE/DN 63 mm (2"") DIN/ANSI"
04-05-004-000-075,Valvulas,Valvula mariposa PVC,PVC,75,2 1/2,PN10,APE,,kg/unit,47625.0,RESCO,"VALVULA MARIPOSA PVC MANILLA ABS DE/DN 75 mm (2 1/2"") DIN/ANSI"
04-05-004-000-090,Valvulas,Valvula mariposa PVC,PVC,90,3,PN10,APE,,kg/unit,55496.0,RESCO,"VALVULA MARIPOSA PVC MANILLA ABS DE/DN 90 mm (3"") DIN/ANSI"
04-05-004-000-110,Valvulas,Valvula mariposa PVC,PVC,110,4,PN10,APE,,kg/unit,61209.0,RESCO,"VALVULA MARIPOSA PVC MANILLA ABS DE/DN 110 mm (4"") DIN/ANSI"
04-05-004-000-125,Valvulas,Valvula mariposa PVC,PVC,125,5,PN10,APE,,kg/unit,68666.0,RESCO,"VALVULA MARIPOSA PVC MANILLA ABS DE/DN 125 mm (5"") DIN/ANSI"
04-05-004-000-140,Valvulas,Valvula mariposa PVC,PVC,140,5 1/2,PN10,APE,,kg/unit,68666.0,RESCO,"VALVULA MARIPOSA PVC MANILLA ABS DE/DN 140 mm (5 1/2"") DIN/ANSI"
04-05-004-000-160,Valvulas,Valvula mariposa PVC,PVC,160,6,PN10,APE,,kg/unit,84800.0,RESCO,"VALVULA MARIPOSA PVC MANILLA ABS DE/DN 160 mm (6"") DIN/ANSI"
04-05-004-000-200,Valvulas,Valvula mariposa PVC,PVC,200,8,PN10,APE,,kg/unit,118179.0,RESCO,"VALVULA MARIPOSA PVC MANILLA ABS DE/DN 200 mm (8"") DIN/ANSI"
